﻿<?xml version="1.0" encoding="utf-8"?>
<deployment>
  <id>0aebd349-aaf0-4e06-b873-8e72f7973c83</id>
  <author>N/A</author>
  <deployer>Push-Deployer</deployer>
  <authorEmail>N/A</authorEmail>
  <message>Created via a push deployment</message>
  <progress></progress>
  <status>Success</status>
  <statusText></statusText>
  <lastSuccessEndTime>2025-11-22T10:03:52.3054349Z</lastSuccessEndTime>
  <receivedTime>2025-11-22T10:03:02.2526273Z</receivedTime>
  <startTime>2025-11-22T10:03:03.597702Z</startTime>
  <endTime>2025-11-22T10:03:52.3054349Z</endTime>
  <complete>True</complete>
  <is_temp>False</is_temp>
  <is_readonly>True</is_readonly>
  <buildSummary />
</deployment>