﻿<?xml version="1.0" encoding="utf-8"?>
<deployment>
  <id>9cb0ab15-a227-4dde-ae7c-a71f88751077</id>
  <author>N/A</author>
  <deployer>Push-Deployer</deployer>
  <authorEmail>N/A</authorEmail>
  <message>Created via a push deployment</message>
  <progress></progress>
  <status>Success</status>
  <statusText></statusText>
  <lastSuccessEndTime>2025-11-22T08:07:29.3698552Z</lastSuccessEndTime>
  <receivedTime>2025-11-22T08:06:02.9379063Z</receivedTime>
  <startTime>2025-11-22T08:06:04.2749069Z</startTime>
  <endTime>2025-11-22T08:07:29.3698552Z</endTime>
  <complete>True</complete>
  <is_temp>False</is_temp>
  <is_readonly>True</is_readonly>
  <buildSummary />
</deployment>