﻿<?xml version="1.0" encoding="utf-8"?>
<deployment>
  <id>6a9f5458-d024-4ea8-a505-a13f7ad7fd8b</id>
  <author>N/A</author>
  <deployer>Push-Deployer</deployer>
  <authorEmail>N/A</authorEmail>
  <message>Created via a push deployment</message>
  <progress></progress>
  <status>Success</status>
  <statusText></statusText>
  <lastSuccessEndTime>2025-12-01T01:33:52.5352908Z</lastSuccessEndTime>
  <receivedTime>2025-12-01T01:32:58.2108495Z</receivedTime>
  <startTime>2025-12-01T01:33:00.4024709Z</startTime>
  <endTime>2025-12-01T01:33:52.5352908Z</endTime>
  <complete>True</complete>
  <is_temp>False</is_temp>
  <is_readonly>True</is_readonly>
  <buildSummary />
</deployment>