﻿<?xml version="1.0" encoding="utf-8"?>
<deployment>
  <id>c8084e8c-c33c-4592-a218-2165c3678d2d</id>
  <author>N/A</author>
  <deployer>Push-Deployer</deployer>
  <authorEmail>N/A</authorEmail>
  <message>Created via a push deployment</message>
  <progress></progress>
  <status>Success</status>
  <statusText></statusText>
  <lastSuccessEndTime>2025-11-22T09:45:43.8622927Z</lastSuccessEndTime>
  <receivedTime>2025-11-22T09:44:27.2575384Z</receivedTime>
  <startTime>2025-11-22T09:44:28.596483Z</startTime>
  <endTime>2025-11-22T09:45:43.8622927Z</endTime>
  <complete>True</complete>
  <is_temp>False</is_temp>
  <is_readonly>True</is_readonly>
  <buildSummary />
</deployment>