﻿<?xml version="1.0" encoding="utf-8"?>
<deployment>
  <id>ac0c2b35-7430-463d-8f83-ef5610a7daae</id>
  <author>N/A</author>
  <deployer>Push-Deployer</deployer>
  <authorEmail>N/A</authorEmail>
  <message>Created via a push deployment</message>
  <progress></progress>
  <status>Success</status>
  <statusText></statusText>
  <lastSuccessEndTime>2025-12-01T03:00:59.5026789Z</lastSuccessEndTime>
  <receivedTime>2025-12-01T03:00:05.6360328Z</receivedTime>
  <startTime>2025-12-01T03:00:06.9940777Z</startTime>
  <endTime>2025-12-01T03:00:59.5026789Z</endTime>
  <complete>True</complete>
  <is_temp>False</is_temp>
  <is_readonly>True</is_readonly>
  <buildSummary />
</deployment>