﻿<?xml version="1.0" encoding="utf-8"?>
<deployment>
  <id>75d5f999-1e9a-439f-b290-02272f3f0bc1</id>
  <author>N/A</author>
  <deployer>Push-Deployer</deployer>
  <authorEmail>N/A</authorEmail>
  <message>Created via a push deployment</message>
  <progress></progress>
  <status>Success</status>
  <statusText></statusText>
  <lastSuccessEndTime>2025-11-30T06:03:14.9675317Z</lastSuccessEndTime>
  <receivedTime>2025-11-30T06:02:04.304019Z</receivedTime>
  <startTime>2025-11-30T06:02:05.67595Z</startTime>
  <endTime>2025-11-30T06:03:14.9675317Z</endTime>
  <complete>True</complete>
  <is_temp>False</is_temp>
  <is_readonly>True</is_readonly>
  <buildSummary />
</deployment>