﻿<?xml version="1.0" encoding="utf-8"?>
<deployment>
  <id>2b13308a-fba2-4e55-a087-f9650e15a0eb</id>
  <author>N/A</author>
  <deployer>Push-Deployer</deployer>
  <authorEmail>N/A</authorEmail>
  <message>Created via a push deployment</message>
  <progress></progress>
  <status>Success</status>
  <statusText></statusText>
  <lastSuccessEndTime>2025-12-01T04:55:24.9227734Z</lastSuccessEndTime>
  <receivedTime>2025-12-01T04:54:32.7640082Z</receivedTime>
  <startTime>2025-12-01T04:54:34.1520324Z</startTime>
  <endTime>2025-12-01T04:55:24.9227734Z</endTime>
  <complete>True</complete>
  <is_temp>False</is_temp>
  <is_readonly>True</is_readonly>
  <buildSummary />
</deployment>