﻿<?xml version="1.0" encoding="utf-8"?>
<deployment>
  <id>7b1240c5-5558-4748-a42c-a0906b11c9b0</id>
  <author>N/A</author>
  <deployer>Push-Deployer</deployer>
  <authorEmail>N/A</authorEmail>
  <message>Created via a push deployment</message>
  <progress></progress>
  <status>Success</status>
  <statusText></statusText>
  <lastSuccessEndTime>2025-11-30T05:21:36.1433261Z</lastSuccessEndTime>
  <receivedTime>2025-11-30T05:20:34.4318381Z</receivedTime>
  <startTime>2025-11-30T05:20:35.7695887Z</startTime>
  <endTime>2025-11-30T05:21:36.1433261Z</endTime>
  <complete>True</complete>
  <is_temp>False</is_temp>
  <is_readonly>True</is_readonly>
  <buildSummary />
</deployment>