﻿<?xml version="1.0" encoding="utf-8"?>
<deployment>
  <id>9445c1d4-4d98-4933-9566-5ddf0ddeaeaa</id>
  <author>N/A</author>
  <deployer>Push-Deployer</deployer>
  <authorEmail>N/A</authorEmail>
  <message>Created via a push deployment</message>
  <progress></progress>
  <status>Success</status>
  <statusText></statusText>
  <lastSuccessEndTime>2025-11-22T08:38:44.0078769Z</lastSuccessEndTime>
  <receivedTime>2025-11-22T08:37:54.7393362Z</receivedTime>
  <startTime>2025-11-22T08:37:56.1531913Z</startTime>
  <endTime>2025-11-22T08:38:44.0078769Z</endTime>
  <complete>True</complete>
  <is_temp>False</is_temp>
  <is_readonly>True</is_readonly>
  <buildSummary />
</deployment>