﻿<?xml version="1.0" encoding="utf-8"?>
<deployment>
  <id>89719f33-5b20-4317-8b01-de2a131a706c</id>
  <author>N/A</author>
  <deployer>Push-Deployer</deployer>
  <authorEmail>N/A</authorEmail>
  <message>Created via a push deployment</message>
  <progress></progress>
  <status>Success</status>
  <statusText></statusText>
  <lastSuccessEndTime>2025-11-30T08:23:26.8301402Z</lastSuccessEndTime>
  <receivedTime>2025-11-30T08:22:21.2123752Z</receivedTime>
  <startTime>2025-11-30T08:22:22.6541595Z</startTime>
  <endTime>2025-11-30T08:23:26.8301402Z</endTime>
  <complete>True</complete>
  <is_temp>False</is_temp>
  <is_readonly>True</is_readonly>
  <buildSummary />
</deployment>