﻿<?xml version="1.0" encoding="utf-8"?>
<deployment>
  <id>bd6b4033-5728-4343-8b08-e5d2c319fcf5</id>
  <author>N/A</author>
  <deployer>Push-Deployer</deployer>
  <authorEmail>N/A</authorEmail>
  <message>Created via a push deployment</message>
  <progress></progress>
  <status>Success</status>
  <statusText></statusText>
  <lastSuccessEndTime>2025-11-22T09:53:59.399551Z</lastSuccessEndTime>
  <receivedTime>2025-11-22T09:53:07.3897941Z</receivedTime>
  <startTime>2025-11-22T09:53:08.7876899Z</startTime>
  <endTime>2025-11-22T09:53:59.399551Z</endTime>
  <complete>True</complete>
  <is_temp>False</is_temp>
  <is_readonly>True</is_readonly>
  <buildSummary />
</deployment>