﻿<?xml version="1.0" encoding="utf-8"?>
<deployment>
  <id>81fdf806-745a-49ed-80cb-b95984a33a86</id>
  <author>N/A</author>
  <deployer>Push-Deployer</deployer>
  <authorEmail>N/A</authorEmail>
  <message>Created via a push deployment</message>
  <progress></progress>
  <status>Success</status>
  <statusText></statusText>
  <lastSuccessEndTime>2025-11-22T09:00:20.1362107Z</lastSuccessEndTime>
  <receivedTime>2025-11-22T08:59:24.6104652Z</receivedTime>
  <startTime>2025-11-22T08:59:26.0131361Z</startTime>
  <endTime>2025-11-22T09:00:20.1362107Z</endTime>
  <complete>True</complete>
  <is_temp>False</is_temp>
  <is_readonly>True</is_readonly>
  <buildSummary />
</deployment>