﻿<?xml version="1.0" encoding="utf-8"?>
<deployment>
  <id>7deb1083-55a9-43af-9a20-7006c06a8a8a</id>
  <author>N/A</author>
  <deployer>Push-Deployer</deployer>
  <authorEmail>N/A</authorEmail>
  <message>Created via a push deployment</message>
  <progress></progress>
  <status>Success</status>
  <statusText></statusText>
  <lastSuccessEndTime>2025-12-01T04:11:24.767087Z</lastSuccessEndTime>
  <receivedTime>2025-12-01T04:10:31.7903036Z</receivedTime>
  <startTime>2025-12-01T04:10:33.1920805Z</startTime>
  <endTime>2025-12-01T04:11:24.767087Z</endTime>
  <complete>True</complete>
  <is_temp>False</is_temp>
  <is_readonly>True</is_readonly>
  <buildSummary />
</deployment>