<step title="Incoming Request" date="2025-11-24T08:52:03.727" instance="7d84ad" url="/api/deployments/latest" method="GET" type="request" pid="768,1,16" Accept="*/*" Host="quotrading-flask-api.scm.azurewebsites.net" User-Agent="AZURECLI/2.80.0 (MSI)" Accept-Encoding="gzip, deflate" Authorization="Bea..." x-ms-client-request-id="c4a1e224-c912-11f0-92a5-50bbb5629ee1" X-ARR-LOG-ID="c4a1e224-c912-11f0-92a5-50bbb5629ee1" CLIENT-IP="69.120.241.138:58074" X-SITE-DEPLOYMENT-ID="quotrading-flask-api" WAS-DEFAULT-HOSTNAME="quotrading-flask-api.scm.azurewebsites.net" X-Forwarded-Proto="https" X-AppService-Proto="https" X-Forwarded-TlsVersion="1.3" X-WAWS-Unencoded-URL="/api/deployments/latest" X-Client-IP="69.120.241.138" X-Client-Port="58074" >
  <step title="Cleanup Xml Logs" date="2025-11-24T08:52:03.756" >
    <step title="Cleanup Infos" date="2025-11-24T08:52:03.838" totalFiles="273" totalCleanup="113" /><!-- duration: 51ms -->
  </step><!-- duration: 181ms -->
  <step title="DeploymentService.GetResult" date="2025-11-24T08:52:04.316" >
    <step title="DeploymentService.GetLatestDeployment" date="2025-11-24T08:52:04.328" >
      <step title="DeploymentManager.GetResults" date="2025-11-24T08:52:04.348" /><!-- duration: 2202ms -->
    </step><!-- duration: 2242ms -->
  </step><!-- duration: 2264ms -->
  <step title="Outgoing response" date="2025-11-24T08:52:06.689" type="response" statusCode="202" statusText="Accepted" /><!-- duration: 3ms -->
</step><!-- duration: 2973ms -->
