<step title="BackgroundTrace" date="2025-11-24T20:25:22.092" instance="c4a671" url="/api/zipdeploy" method="POST" >
  <step title="Creating temporary deployment - FetchDeploymentManager" date="2025-11-24T20:25:22.158" /><!-- duration: 2ms -->
  <step title="Creating temporary deployment" date="2025-11-24T20:25:22.164" /><!-- duration: 47ms -->
  <step title="Performing fetch based deployment" date="2025-11-24T20:25:22.247" >
    <step title="Cleaning up temp folders from previous zip deployments and extracting pushed zip file /tmp/zipdeploy/242b03f7-d3be-4d7e-a512-df3593c660f9.zip (0.04 MB) to /tmp/zipdeploy/extracted" date="2025-11-24T20:25:23.438" >
      <step title="ChmodRecursive Process exited with total time taken in ms: 29" date="2025-11-24T20:25:23.518" /><!-- duration: 9ms -->
    </step><!-- duration: 92ms -->
    <step title="Deployment timer started" date="2025-11-24T20:25:25.538" >
      <step title="DeploymentManager.Deploy(id:983f7fb6-e4f5-4698-b2b4-ccee0b0c1c17)" date="2025-11-24T20:25:25.544" >
        <step title="Collecting changeset information" date="2025-11-24T20:25:25.572" /><!-- duration: 83ms -->
        <step title="Updating submodules" date="2025-11-24T20:25:25.661" /><!-- duration: 1162ms -->
        <step title="Determining deployment builder" date="2025-11-24T20:25:27.032" >
          <step title="Builder is OryxBuilder" date="2025-11-24T20:25:27.040" /><!-- duration: 4ms -->
        </step><!-- duration: 21ms -->
        <step title="PreDeployment: context.CleanOutputPath False" date="2025-11-24T20:25:27.122" >
          <step title="PreDeployment: context.OutputPath /home/site/wwwroot" date="2025-11-24T20:25:27.248" >
            <step title="Building" date="2025-11-24T20:25:27.378" >
              <step title="Executing external process" date="2025-11-24T20:25:27.680" type="process" path="bash" arguments="-c &quot;oryx build /tmp/zipdeploy/extracted -o /home/site/wwwroot --platform python --platform-version 3.11 -p virtualenv_name=antenv --log-file /tmp/build-debug.log  -i /tmp/8de2b979ad0f8eb --compress-destination-dir | tee /tmp/oryx-build.log ; exit $PIPESTATUS &quot;" /><!-- duration: 58413ms -->
              <step title="Using PythonDeploymentLogParser" date="2025-11-24T20:26:26.495" /><!-- duration: 3ms -->
              <step title="Triggering recycle (preview mode disabled)." date="2025-11-24T20:26:27.730" /><!-- duration: 6ms -->
              <step title="Modified file to trigger a restart of the app container." date="2025-11-24T20:26:27.774" /><!-- duration: 4ms -->
              <step title="Skip function trigger and logicapp sync because function is not enabled." date="2025-11-24T20:26:27.783" /><!-- duration: 3ms -->
              <step title="Purge deployment items" date="2025-11-24T20:26:29.037" >
                <step title="Remove 6e1ebe19-, Success, received at 11/24/2025 17:54:08" date="2025-11-24T20:26:29.091" /><!-- duration: 3ms -->
              </step><!-- duration: 62ms -->
            </step><!-- duration: 61805ms -->
          </step><!-- duration: 61939ms -->
          <step title="Cleaning up temp files" date="2025-11-24T20:26:29.190" /><!-- duration: 575ms -->
          <step title="Cleaning up temp files" date="2025-11-24T20:26:29.768" /><!-- duration: 507ms -->
          <step title="Reloading status file with latest updates" date="2025-11-24T20:26:30.303" >
            <step title="WebHooksManager.PublishEventAsync: PostDeployment" date="2025-11-24T20:26:30.307" /><!-- duration: 30ms -->
          </step><!-- duration: 36ms -->
          <step title="Cleaning up temporary deployment - fetch deployment was successful" date="2025-11-24T20:26:30.347" /><!-- duration: 3ms -->
        </step><!-- duration: 63271ms -->
      </step><!-- duration: 64862ms -->
