<step title="Incoming Request" date="2025-11-24T17:50:33.758" instance="7d84ad" url="/api/deployments/latest" method="GET" type="request" pid="768,1,31" Accept="*/*" Host="quotrading-flask-api.scm.azurewebsites.net" User-Agent="AZURECLI/2.80.0 (MSI)" Accept-Encoding="gzip, deflate" Authorization="Bea..." x-ms-client-request-id="075b4d19-c95e-11f0-9d42-50bbb5629ee1" X-ARR-LOG-ID="075b4d19-c95e-11f0-9d42-50bbb5629ee1" CLIENT-IP="69.120.241.138:52763" X-SITE-DEPLOYMENT-ID="quotrading-flask-api" WAS-DEFAULT-HOSTNAME="quotrading-flask-api.scm.azurewebsites.net" X-Forwarded-Proto="https" X-AppService-Proto="https" X-Forwarded-TlsVersion="1.3" X-WAWS-Unencoded-URL="/api/deployments/latest" X-Client-IP="69.120.241.138" X-Client-Port="52763" >
  <step title="Cleanup Xml Logs" date="2025-11-24T17:50:33.778" >
    <step title="Cleanup Infos" date="2025-11-24T17:50:33.809" totalFiles="323" totalCleanup="163" /><!-- duration: 30ms -->
  </step><!-- duration: 70ms -->
  <step title="DeploymentService.GetResult" date="2025-11-24T17:50:33.870" >
    <step title="DeploymentService.GetLatestDeployment" date="2025-11-24T17:50:33.879" >
      <step title="DeploymentManager.GetResults" date="2025-11-24T17:50:33.888" /><!-- duration: 1120ms -->
    </step><!-- duration: 1151ms -->
  </step><!-- duration: 1200ms -->
  <step title="Outgoing response" date="2025-11-24T17:50:35.098" type="response" statusCode="202" statusText="Accepted" /><!-- duration: 9ms -->
</step><!-- duration: 1360ms -->
