<step title="Incoming Request" date="2025-11-24T18:01:49.597" instance="7d84ad" url="/api/deployments/latest" method="GET" type="request" pid="768,1,37" Accept="*/*" Host="quotrading-flask-api.scm.azurewebsites.net" User-Agent="AZURECLI/2.80.0 (MSI)" Accept-Encoding="gzip, deflate" Authorization="Bea..." x-ms-client-request-id="9ae71a26-c95f-11f0-b297-50bbb5629ee1" X-ARR-LOG-ID="9ae71a26-c95f-11f0-b297-50bbb5629ee1" CLIENT-IP="69.120.241.138:55166" X-SITE-DEPLOYMENT-ID="quotrading-flask-api" WAS-DEFAULT-HOSTNAME="quotrading-flask-api.scm.azurewebsites.net" X-Forwarded-Proto="https" X-AppService-Proto="https" X-Forwarded-TlsVersion="1.3" X-WAWS-Unencoded-URL="/api/deployments/latest" X-Client-IP="69.120.241.138" X-Client-Port="55166" >
  <step title="Cleanup Xml Logs" date="2025-11-24T18:01:49.614" >
    <step title="Cleanup Infos" date="2025-11-24T18:01:49.624" totalFiles="338" totalCleanup="178" /><!-- duration: 4ms -->
  </step><!-- duration: 54ms -->
  <step title="DeploymentService.GetResult" date="2025-11-24T18:01:49.711" >
    <step title="DeploymentService.GetLatestDeployment" date="2025-11-24T18:01:49.735" >
      <step title="DeploymentManager.GetResults" date="2025-11-24T18:01:49.739" /><!-- duration: 1279ms -->
    </step><!-- duration: 1291ms -->
  </step><!-- duration: 1336ms -->
  <step title="Outgoing response" date="2025-11-24T18:01:51.077" type="response" statusCode="202" statusText="Accepted" /><!-- duration: 2ms -->
</step><!-- duration: 1490ms -->
