<step title="BackgroundTrace" date="2025-11-22T09:53:03.835" instance="7d84ad" url="/api/zipdeploy" method="POST" >
  <step title="Creating temporary deployment - FetchDeploymentManager" date="2025-11-22T09:53:03.923" /><!-- duration: 3ms -->
  <step title="Creating temporary deployment" date="2025-11-22T09:53:03.930" /><!-- duration: 54ms -->
  <step title="Performing fetch based deployment" date="2025-11-22T09:53:04.000" >
    <step title="Cleaning up temp folders from previous zip deployments and extracting pushed zip file /tmp/zipdeploy/c627e142-f5fd-4acc-81f1-48b6f33ce5cb.zip (0.01 MB) to /tmp/zipdeploy/extracted" date="2025-11-22T09:53:05.217" >
      <step title="ChmodRecursive Process exited with total time taken in ms: 67" date="2025-11-22T09:53:05.304" /><!-- duration: 10ms -->
    </step><!-- duration: 108ms -->
    <step title="Deployment timer started" date="2025-11-22T09:53:07.330" >
      <step title="DeploymentManager.Deploy(id:bd6b4033-5728-4343-8b08-e5d2c319fcf5)" date="2025-11-22T09:53:07.335" >
        <step title="Collecting changeset information" date="2025-11-22T09:53:07.358" /><!-- duration: 108ms -->
        <step title="Updating submodules" date="2025-11-22T09:53:07.470" /><!-- duration: 1171ms -->
        <step title="Determining deployment builder" date="2025-11-22T09:53:08.855" >
          <step title="Builder is OryxBuilder" date="2025-11-22T09:53:08.871" /><!-- duration: 2ms -->
        </step><!-- duration: 24ms -->
        <step title="PreDeployment: context.CleanOutputPath False" date="2025-11-22T09:53:08.938" >
          <step title="PreDeployment: context.OutputPath /home/site/wwwroot" date="2025-11-22T09:53:09.057" >
            <step title="Building" date="2025-11-22T09:53:09.200" >
              <step title="Executing external process" date="2025-11-22T09:53:09.469" type="process" path="bash" arguments="-c &quot;oryx build /tmp/zipdeploy/extracted -o /home/site/wwwroot --platform python --platform-version 3.11 -p virtualenv_name=antenv --log-file /tmp/build-debug.log  -i /tmp/8de29acf113c692 --compress-destination-dir | tee /tmp/oryx-build.log ; exit $PIPESTATUS &quot;" /><!-- duration: 48102ms -->
              <step title="Using PythonDeploymentLogParser" date="2025-11-22T09:53:57.902" /><!-- duration: 2ms -->
              <step title="Triggering recycle (preview mode disabled)." date="2025-11-22T09:53:59.006" /><!-- duration: 6ms -->
              <step title="Modified file to trigger a restart of the app container." date="2025-11-22T09:53:59.045" /><!-- duration: 2ms -->
              <step title="Skip function trigger and logicapp sync because function is not enabled." date="2025-11-22T09:53:59.049" /><!-- duration: 6ms -->
              <step title="Purge deployment items" date="2025-11-22T09:54:00.112" >
                <step title="Remove 6e03b4d4-, Success, received at 11/22/2025 07:38:47" date="2025-11-22T09:54:00.193" /><!-- duration: 2ms -->
              </step><!-- duration: 85ms -->
            </step><!-- duration: 51066ms -->
          </step><!-- duration: 51212ms -->
          <step title="Cleaning up temp files" date="2025-11-22T09:54:00.271" /><!-- duration: 405ms -->
          <step title="Cleaning up temp files" date="2025-11-22T09:54:00.686" /><!-- duration: 546ms -->
          <step title="Reloading status file with latest updates" date="2025-11-22T09:54:01.521" >
            <step title="WebHooksManager.PublishEventAsync: PostDeployment" date="2025-11-22T09:54:01.529" /><!-- duration: 150ms -->
          </step><!-- duration: 178ms -->
          <step title="Cleaning up temporary deployment - fetch deployment was successful" date="2025-11-22T09:54:01.762" /><!-- duration: 9ms -->
        </step><!-- duration: 52912ms -->
      </step><!-- duration: 54577ms -->
