<step title="Incoming Request" date="2025-11-24T08:27:32.744" instance="7d84ad" url="/api/deployments/latest" method="GET" type="request" pid="768,1,25" Accept="*/*" Host="quotrading-flask-api.scm.azurewebsites.net" User-Agent="AZURECLI/2.80.0 (MSI)" Accept-Encoding="gzip, deflate" Authorization="Bea..." x-ms-client-request-id="60df7af7-c90f-11f0-aae5-50bbb5629ee1" X-ARR-LOG-ID="60df7af7-c90f-11f0-aae5-50bbb5629ee1" CLIENT-IP="69.120.241.138:63879" X-SITE-DEPLOYMENT-ID="quotrading-flask-api" WAS-DEFAULT-HOSTNAME="quotrading-flask-api.scm.azurewebsites.net" X-Forwarded-Proto="https" X-AppService-Proto="https" X-Forwarded-TlsVersion="1.3" X-WAWS-Unencoded-URL="/api/deployments/latest" X-Client-IP="69.120.241.138" X-Client-Port="63879" >
  <step title="Cleanup Xml Logs" date="2025-11-24T08:27:32.753" >
    <step title="Cleanup Infos" date="2025-11-24T08:27:32.794" totalFiles="265" totalCleanup="105" /><!-- duration: 10ms -->
  </step><!-- duration: 60ms -->
  <step title="DeploymentService.GetResult" date="2025-11-24T08:27:32.833" >
    <step title="DeploymentService.GetLatestDeployment" date="2025-11-24T08:27:32.835" >
      <step title="DeploymentManager.GetResults" date="2025-11-24T08:27:32.843" /><!-- duration: 1240ms -->
    </step><!-- duration: 1301ms -->
  </step><!-- duration: 1310ms -->
  <step title="Outgoing response" date="2025-11-24T08:27:34.164" type="response" statusCode="202" statusText="Accepted" /><!-- duration: 10ms -->
</step><!-- duration: 1439ms -->
