<step title="Incoming Request" date="2025-11-22T07:36:00.383" instance="7d84ad" url="/api/zipdeploy?isAsync=true" method="POST" type="request" pid="768,1,5" Accept="*/*" Host="quotrading-flask-api.scm.azurewebsites.net" User-Agent="AZURECLI/2.79.0 (MSI)" Accept-Encoding="gzip, deflate" Authorization="Bea..." Cache-Control="no-cache" Content-Type="application/octet-stream" Content-Length="8172" x-ms-client-request-id="d558bd48-c775-11f0-9c7d-50bbb5629ee1" x-ms-artifact-checksum="5f3877f5aa1328c577d03abe2678b8d12eb10cc0e333163041d81d3ccedcc0e4" X-ARR-LOG-ID="d558bd48-c775-11f0-9c7d-50bbb5629ee1" CLIENT-IP="69.120.241.138:59675" X-SITE-DEPLOYMENT-ID="quotrading-flask-api" WAS-DEFAULT-HOSTNAME="quotrading-flask-api.scm.azurewebsites.net" X-Forwarded-Proto="https" X-AppService-Proto="https" X-Forwarded-TlsVersion="1.3" X-WAWS-Unencoded-URL="/api/zipdeploy?isAsync=true" X-Client-IP="69.120.241.138" X-Client-Port="59675" >
  <step title="ZipPushDeploy" date="2025-11-22T07:36:00.845" >
    <step title="ZipDeploy. Extract zip. Remote build." date="2025-11-22T07:36:00.848" /><!-- duration: 2ms -->
    <step title="None repository commit" date="2025-11-22T07:36:00.856" >
      <step title="Commit id: 516e4e2c-f775-406d-8a19-bb85426e5097" date="2025-11-22T07:36:00.858" Message="N/A" AuthorName="N/A" AuthorEmail="N/A" /><!-- duration: 2ms -->
    </step><!-- duration: 5ms -->
    <step title="Starting PushDeployAsync" date="2025-11-22T07:36:00.863" /><!-- duration: 2ms -->
    <step title="Writing artifact to /tmp/zipdeploy/3880e2d7-8eac-4196-ba74-902edb055347.zip" date="2025-11-22T07:36:00.876" >
      <step title="Writing multipart request body to /tmp/zipdeploy/3880e2d7-8eac-4196-ba74-902edb055347.zip" date="2025-11-22T07:36:00.883" /><!-- duration: 10ms -->
    </step><!-- duration: 99ms -->
    <step title="Removing previous build artifact&apos;s manifest file" date="2025-11-22T07:36:00.978" >
      <step title="Start deployment in the background" date="2025-11-22T07:36:00.995" >
        <step title="Acquiring Deployment Lock" date="2025-11-22T07:36:01.025" /><!-- duration: 3ms -->
        <step title="Acquired Deployment Lock" date="2025-11-22T07:36:01.050" /><!-- duration: 3ms -->
      </step><!-- duration: 119ms -->
    </step><!-- duration: 142ms -->
    <step title="Outgoing response" date="2025-11-22T07:36:01.131" type="response" statusCode="202" statusText="Accepted" /><!-- duration: 2ms -->
  </step><!-- duration: 290ms -->
