<step title="Incoming Request" date="2025-11-22T07:51:06.166" instance="7d84ad" url="/api/zipdeploy?isAsync=true" method="POST" type="request" pid="768,1,28" Accept="*/*" Host="quotrading-flask-api.scm.azurewebsites.net" User-Agent="AZURECLI/2.79.0 (MSI)" Accept-Encoding="gzip, deflate" Authorization="Bea..." Cache-Control="no-cache" Content-Type="application/octet-stream" Content-Length="4899" x-ms-client-request-id="fbb55ab3-c777-11f0-a3f0-50bbb5629ee1" x-ms-artifact-checksum="805bb6ee60ee473c1cb18e152f57f0fdd0d7317f61afda12f9d4f50b3da5afaf" X-ARR-LOG-ID="fbb55ab3-c777-11f0-a3f0-50bbb5629ee1" CLIENT-IP="69.120.241.138:60788" X-SITE-DEPLOYMENT-ID="quotrading-flask-api" WAS-DEFAULT-HOSTNAME="quotrading-flask-api.scm.azurewebsites.net" X-Forwarded-Proto="https" X-AppService-Proto="https" X-Forwarded-TlsVersion="1.3" X-WAWS-Unencoded-URL="/api/zipdeploy?isAsync=true" X-Client-IP="69.120.241.138" X-Client-Port="60788" >
  <step title="Cleanup Xml Logs" date="2025-11-22T07:51:06.170" /><!-- duration: 4ms -->
  <step title="ZipPushDeploy" date="2025-11-22T07:51:06.330" >
    <step title="ZipDeploy. Extract zip. Remote build." date="2025-11-22T07:51:06.342" /><!-- duration: 2ms -->
    <step title="Starting PushDeployAsync" date="2025-11-22T07:51:06.347" /><!-- duration: 2ms -->
    <step title="Writing artifact to /tmp/zipdeploy/ce11433f-f561-4f7b-9823-0e156fcb7f6a.zip" date="2025-11-22T07:51:06.359" >
      <step title="Writing multipart request body to /tmp/zipdeploy/ce11433f-f561-4f7b-9823-0e156fcb7f6a.zip" date="2025-11-22T07:51:06.361" /><!-- duration: 7ms -->
    </step><!-- duration: 53ms -->
    <step title="Removing previous build artifact&apos;s manifest file" date="2025-11-22T07:51:06.414" >
      <step title="Start deployment in the background" date="2025-11-22T07:51:06.420" >
        <step title="Acquiring Deployment Lock" date="2025-11-22T07:51:06.447" /><!-- duration: 2ms -->
        <step title="Acquired Deployment Lock" date="2025-11-22T07:51:06.481" /><!-- duration: 2ms -->
      </step><!-- duration: 136ms -->
    </step><!-- duration: 150ms -->
    <step title="Outgoing response" date="2025-11-22T07:51:06.570" type="response" statusCode="202" statusText="Accepted" /><!-- duration: 2ms -->
  </step><!-- duration: 244ms -->
