<step title="BackgroundTrace" date="2025-11-24T18:45:54.163" instance="7d84ad" url="/api/zipdeploy" method="POST" >
  <step title="Creating temporary deployment - FetchDeploymentManager" date="2025-11-24T18:45:54.207" /><!-- duration: 1ms -->
  <step title="Creating temporary deployment" date="2025-11-24T18:45:54.210" /><!-- duration: 60ms -->
  <step title="Performing fetch based deployment" date="2025-11-24T18:45:54.286" >
    <step title="Cleaning up temp folders from previous zip deployments and extracting pushed zip file /tmp/zipdeploy/eabce796-15ac-4204-89d2-69c9aba0f457.zip (0.03 MB) to /tmp/zipdeploy/extracted" date="2025-11-24T18:45:55.453" >
      <step title="ChmodRecursive Process exited with total time taken in ms: 79" date="2025-11-24T18:45:55.591" /><!-- duration: 2ms -->
    </step><!-- duration: 142ms -->
    <step title="Deployment timer started" date="2025-11-24T18:45:57.621" >
      <step title="DeploymentManager.Deploy(id:fcabff3f-0272-4dec-ac9a-033cce1eff02)" date="2025-11-24T18:45:57.625" >
        <step title="Collecting changeset information" date="2025-11-24T18:45:57.638" /><!-- duration: 98ms -->
        <step title="Updating submodules" date="2025-11-24T18:45:57.739" /><!-- duration: 1136ms -->
        <step title="Determining deployment builder" date="2025-11-24T18:45:59.063" >
          <step title="Builder is OryxBuilder" date="2025-11-24T18:45:59.072" /><!-- duration: 9ms -->
        </step><!-- duration: 20ms -->
        <step title="PreDeployment: context.CleanOutputPath False" date="2025-11-24T18:45:59.131" >
          <step title="PreDeployment: context.OutputPath /home/site/wwwroot" date="2025-11-24T18:45:59.238" >
            <step title="Building" date="2025-11-24T18:45:59.363" >
              <step title="Executing external process" date="2025-11-24T18:45:59.629" type="process" path="bash" arguments="-c &quot;oryx build /tmp/zipdeploy/extracted -o /home/site/wwwroot --platform python --platform-version 3.11 -p virtualenv_name=antenv --log-file /tmp/build-debug.log  -i /tmp/8de2b89b5a0e129 --compress-destination-dir | tee /tmp/oryx-build.log ; exit $PIPESTATUS &quot;" /><!-- duration: 92101ms -->
              <step title="Using PythonDeploymentLogParser" date="2025-11-24T18:47:32.089" /><!-- duration: 2ms -->
              <step title="Triggering recycle (preview mode disabled)." date="2025-11-24T18:47:33.247" /><!-- duration: 4ms -->
              <step title="Modified file to trigger a restart of the app container." date="2025-11-24T18:47:33.286" /><!-- duration: 2ms -->
              <step title="Skip function trigger and logicapp sync because function is not enabled." date="2025-11-24T18:47:33.290" /><!-- duration: 2ms -->
              <step title="Purge deployment items" date="2025-11-24T18:47:34.343" >
                <step title="Remove a8f3ec41-, Success, received at 11/24/2025 10:41:05" date="2025-11-24T18:47:34.401" /><!-- duration: 2ms -->
              </step><!-- duration: 61ms -->
            </step><!-- duration: 95133ms -->
          </step><!-- duration: 95261ms -->
          <step title="Cleaning up temp files" date="2025-11-24T18:47:34.501" /><!-- duration: 437ms -->
          <step title="Cleaning up temp files" date="2025-11-24T18:47:34.941" /><!-- duration: 503ms -->
          <step title="Reloading status file with latest updates" date="2025-11-24T18:47:35.467" >
            <step title="WebHooksManager.PublishEventAsync: PostDeployment" date="2025-11-24T18:47:35.469" /><!-- duration: 36ms -->
          </step><!-- duration: 40ms -->
          <step title="Cleaning up temporary deployment - fetch deployment was successful" date="2025-11-24T18:47:35.510" /><!-- duration: 2ms -->
        </step><!-- duration: 96429ms -->
      </step><!-- duration: 97946ms -->
