<step title="Incoming Request" date="2025-11-24T17:54:10.918" instance="7d84ad" url="/api/deployments/latest" method="GET" type="request" pid="768,1,27" Accept="*/*" Host="quotrading-flask-api.scm.azurewebsites.net" User-Agent="AZURECLI/2.80.0 (MSI)" Accept-Encoding="gzip, deflate" Authorization="Bea..." x-ms-client-request-id="837c8cb3-c95e-11f0-aba7-50bbb5629ee1" X-ARR-LOG-ID="837c8cb3-c95e-11f0-aba7-50bbb5629ee1" CLIENT-IP="69.120.241.138:50981" X-SITE-DEPLOYMENT-ID="quotrading-flask-api" WAS-DEFAULT-HOSTNAME="quotrading-flask-api.scm.azurewebsites.net" X-Forwarded-Proto="https" X-AppService-Proto="https" X-Forwarded-TlsVersion="1.3" X-WAWS-Unencoded-URL="/api/deployments/latest" X-Client-IP="69.120.241.138" X-Client-Port="50981" >
  <step title="Cleanup Xml Logs" date="2025-11-24T17:54:10.956" >
    <step title="Cleanup Infos" date="2025-11-24T17:54:10.985" totalFiles="331" totalCleanup="171" /><!-- duration: 21ms -->
  </step><!-- duration: 60ms -->
  <step title="DeploymentService.GetResult" date="2025-11-24T17:54:11.027" >
    <step title="DeploymentService.GetLatestDeployment" date="2025-11-24T17:54:11.036" >
      <step title="DeploymentManager.GetResults" date="2025-11-24T17:54:11.038" /><!-- duration: 1010ms -->
    </step><!-- duration: 1019ms -->
  </step><!-- duration: 1032ms -->
  <step title="Outgoing response" date="2025-11-24T17:54:12.072" type="response" statusCode="202" statusText="Accepted" /><!-- duration: 15ms -->
</step><!-- duration: 1192ms -->
