<step title="Incoming Request" date="2025-11-24T10:36:35.280" instance="7d84ad" url="/api/deployments/latest" method="GET" type="request" pid="768,1,55" Accept="*/*" Host="quotrading-flask-api.scm.azurewebsites.net" User-Agent="AZURECLI/2.80.0 (MSI)" Accept-Encoding="gzip, deflate" Authorization="Bea..." x-ms-client-request-id="66937e92-c921-11f0-ba78-50bbb5629ee1" X-ARR-LOG-ID="66937e92-c921-11f0-ba78-50bbb5629ee1" CLIENT-IP="69.120.241.138:62489" X-SITE-DEPLOYMENT-ID="quotrading-flask-api" WAS-DEFAULT-HOSTNAME="quotrading-flask-api.scm.azurewebsites.net" X-Forwarded-Proto="https" X-AppService-Proto="https" X-Forwarded-TlsVersion="1.3" X-WAWS-Unencoded-URL="/api/deployments/latest" X-Client-IP="69.120.241.138" X-Client-Port="62489" >
  <step title="Cleanup Xml Logs" date="2025-11-24T10:36:35.281" >
    <step title="Cleanup Infos" date="2025-11-24T10:36:35.296" totalFiles="282" totalCleanup="122" /><!-- duration: 4ms -->
  </step><!-- duration: 23ms -->
  <step title="DeploymentService.GetResult" date="2025-11-24T10:36:35.336" >
    <step title="DeploymentService.GetLatestDeployment" date="2025-11-24T10:36:35.347" >
      <step title="DeploymentManager.GetResults" date="2025-11-24T10:36:35.356" /><!-- duration: 1269ms -->
    </step><!-- duration: 1288ms -->
  </step><!-- duration: 1307ms -->
  <step title="Outgoing response" date="2025-11-24T10:36:36.675" type="response" statusCode="202" statusText="Accepted" /><!-- duration: 9ms -->
</step><!-- duration: 1407ms -->
