<step title="Incoming Request" date="2025-11-24T19:29:12.921" instance="7d84ad" url="/api/zipdeploy?isAsync=true" method="POST" type="request" pid="768,1,38" Accept="*/*" Host="quotrading-flask-api.scm.azurewebsites.net" User-Agent="AZURECLI/2.80.0 (MSI)" Accept-Encoding="gzip, deflate" Authorization="Bea..." Cache-Control="no-cache" Content-Type="application/octet-stream" Content-Length="32581" x-ms-client-request-id="d3addb7e-c96b-11f0-ba56-50bbb5629ee1" x-ms-artifact-checksum="66ab68e3b8bcb4539bb38931f18a8e19f5df38cf085e579c06cfba4c5fa9c6fb" X-ARR-LOG-ID="d3addb7e-c96b-11f0-ba56-50bbb5629ee1" CLIENT-IP="69.120.241.138:55070" X-SITE-DEPLOYMENT-ID="quotrading-flask-api" WAS-DEFAULT-HOSTNAME="quotrading-flask-api.scm.azurewebsites.net" X-Forwarded-Proto="https" X-AppService-Proto="https" X-Forwarded-TlsVersion="1.3" X-WAWS-Unencoded-URL="/api/zipdeploy?isAsync=true" X-Client-IP="69.120.241.138" X-Client-Port="55070" >
  <step title="Cleanup Xml Logs" date="2025-11-24T19:29:12.925" >
    <step title="Cleanup Infos" date="2025-11-24T19:29:12.944" totalFiles="392" totalCleanup="232" /><!-- duration: 11ms -->
  </step><!-- duration: 42ms -->
  <step title="ZipPushDeploy" date="2025-11-24T19:29:12.988" >
    <step title="ZipDeploy. Extract zip. Remote build." date="2025-11-24T19:29:12.995" /><!-- duration: 3ms -->
    <step title="Starting PushDeployAsync" date="2025-11-24T19:29:13.000" /><!-- duration: 2ms -->
    <step title="Writing artifact to /tmp/zipdeploy/8db65b5a-32d5-4872-b66e-31ee7ffc1ac3.zip" date="2025-11-24T19:29:13.186" >
      <step title="Writing multipart request body to /tmp/zipdeploy/8db65b5a-32d5-4872-b66e-31ee7ffc1ac3.zip" date="2025-11-24T19:29:13.188" /><!-- duration: 10ms -->
    </step><!-- duration: 51ms -->
    <step title="Removing previous build artifact&apos;s manifest file" date="2025-11-24T19:29:13.239" >
      <step title="Start deployment in the background" date="2025-11-24T19:29:13.248" >
        <step title="Acquiring Deployment Lock" date="2025-11-24T19:29:13.268" /><!-- duration: 2ms -->
        <step title="Acquired Deployment Lock" date="2025-11-24T19:29:13.312" /><!-- duration: 2ms -->
      </step><!-- duration: 129ms -->
    </step><!-- duration: 161ms -->
    <step title="Outgoing response" date="2025-11-24T19:29:13.428" type="response" statusCode="202" statusText="Accepted" /><!-- duration: 10ms -->
  </step><!-- duration: 453ms -->
