<step title="Incoming Request" date="2025-11-24T19:46:25.401" instance="7d84ad" url="/api/zipdeploy?isAsync=true" method="POST" type="request" pid="768,1,5" Accept="*/*" Host="quotrading-flask-api.scm.azurewebsites.net" User-Agent="AZURECLI/2.80.0 (MSI)" Accept-Encoding="gzip, deflate" Authorization="Bea..." Cache-Control="no-cache" Content-Type="application/octet-stream" Content-Length="39923" x-ms-client-request-id="3abe24ab-c96e-11f0-9fed-50bbb5629ee1" x-ms-artifact-checksum="bbac44dbadb016710e92aa29c61752f844b34423d1d14e0a17544a78a91b62d9" X-ARR-LOG-ID="3abe24ab-c96e-11f0-9fed-50bbb5629ee1" CLIENT-IP="69.120.241.138:49382" X-SITE-DEPLOYMENT-ID="quotrading-flask-api" WAS-DEFAULT-HOSTNAME="quotrading-flask-api.scm.azurewebsites.net" X-Forwarded-Proto="https" X-AppService-Proto="https" X-Forwarded-TlsVersion="1.3" X-WAWS-Unencoded-URL="/api/zipdeploy?isAsync=true" X-Client-IP="69.120.241.138" X-Client-Port="49382" >
  <step title="Cleanup Xml Logs" date="2025-11-24T19:46:25.410" >
    <step title="Cleanup Infos" date="2025-11-24T19:46:25.418" totalFiles="401" totalCleanup="241" /><!-- duration: 5ms -->
  </step><!-- duration: 15ms -->
  <step title="ZipPushDeploy" date="2025-11-24T19:46:25.454" >
    <step title="ZipDeploy. Extract zip. Remote build." date="2025-11-24T19:46:25.459" /><!-- duration: 2ms -->
    <step title="Starting PushDeployAsync" date="2025-11-24T19:46:25.464" /><!-- duration: 2ms -->
    <step title="Writing artifact to /tmp/zipdeploy/b2746b3e-c831-4dc0-a200-37710847040a.zip" date="2025-11-24T19:46:25.473" >
      <step title="Writing multipart request body to /tmp/zipdeploy/b2746b3e-c831-4dc0-a200-37710847040a.zip" date="2025-11-24T19:46:25.475" /><!-- duration: 16ms -->
    </step><!-- duration: 135ms -->
    <step title="Removing previous build artifact&apos;s manifest file" date="2025-11-24T19:46:25.610" >
      <step title="Start deployment in the background" date="2025-11-24T19:46:25.623" >
        <step title="Acquiring Deployment Lock" date="2025-11-24T19:46:25.641" /><!-- duration: 3ms -->
        <step title="Acquired Deployment Lock" date="2025-11-24T19:46:25.680" /><!-- duration: 3ms -->
      </step><!-- duration: 135ms -->
    </step><!-- duration: 153ms -->
    <step title="Outgoing response" date="2025-11-24T19:46:25.766" type="response" statusCode="202" statusText="Accepted" /><!-- duration: 2ms -->
  </step><!-- duration: 318ms -->
