<step title="Incoming Request" date="2025-11-22T18:25:22.624" instance="7d84ad" url="/api/publish?type=zip&amp;async=True" method="POST" type="request" pid="768,1,17" Accept="*/*" Host="quotrading-flask-api.scm.azurewebsites.net" User-Agent="AZURECLI/2.79.0 (MSI)" Accept-Encoding="gzip, deflate" Authorization="Bea..." Cache-Control="no-cache" Content-Type="application/octet-stream" Cookie="ARRAffinity=7d84ad198c6f807fbfa2076d1e286d2bb239ec2b3ab1f48a5008aac89bd50ca3; ARRAffinitySameSite=7d84ad198c6f807fbfa2076d1e286d2bb239ec2b3ab1f48a5008aac89bd50ca3" Content-Length="16574" x-ms-client-request-id="9314db78-c7d0-11f0-a2a2-50bbb5629ee1" x-ms-artifact-checksum="fdce5cfd990620e1b85f1d262f6f566fc8f7e5563b33f2030099d31fd9665bfd" X-ARR-LOG-ID="9314db78-c7d0-11f0-a2a2-50bbb5629ee1" CLIENT-IP="69.120.241.138:52292" X-SITE-DEPLOYMENT-ID="quotrading-flask-api" WAS-DEFAULT-HOSTNAME="quotrading-flask-api.scm.azurewebsites.net" X-Forwarded-Proto="https" X-AppService-Proto="https" X-Forwarded-TlsVersion="1.3" X-WAWS-Unencoded-URL="/api/publish?type=zip&amp;async=True" X-Client-IP="69.120.241.138" X-Client-Port="52292" >
  <step title="OneDeploy" date="2025-11-22T18:25:22.651" >
    <step title="Starting PushDeployAsync" date="2025-11-22T18:25:22.655" /><!-- duration: 2ms -->
    <step title="Writing artifact to /tmp/zipdeploy/e50577d0-c24e-47a6-b033-410e5e94b30d.zip" date="2025-11-22T18:25:22.663" >
      <step title="Writing multipart request body to /tmp/zipdeploy/e50577d0-c24e-47a6-b033-410e5e94b30d.zip" date="2025-11-22T18:25:22.665" /><!-- duration: 6ms -->
    </step><!-- duration: 40ms -->
    <step title="Removing previous build artifact&apos;s manifest file" date="2025-11-22T18:25:22.731" >
      <step title="Start deployment in the background" date="2025-11-22T18:25:22.752" >
        <step title="Acquiring Deployment Lock" date="2025-11-22T18:25:22.766" /><!-- duration: 7ms -->
        <step title="Acquired Deployment Lock" date="2025-11-22T18:25:22.798" /><!-- duration: 2ms -->
      </step><!-- duration: 110ms -->
    </step><!-- duration: 137ms -->
    <step title="Outgoing response" date="2025-11-22T18:25:22.874" type="response" statusCode="202" statusText="Accepted" /><!-- duration: 2ms -->
  </step><!-- duration: 226ms -->
