<step title="Incoming Request" date="2025-11-22T08:33:36.738" instance="7d84ad" url="/api/zipdeploy?isAsync=true" method="POST" type="request" pid="770,1,28" Accept="*/*" Host="quotrading-flask-api.scm.azurewebsites.net" User-Agent="AZURECLI/2.79.0 (MSI)" Accept-Encoding="gzip, deflate" Authorization="Bea..." Cache-Control="no-cache" Content-Type="application/octet-stream" Content-Length="11017" x-ms-client-request-id="ebcac3e3-c77d-11f0-80bd-50bbb5629ee1" x-ms-artifact-checksum="bfaed57f90e8f1e1f37ff64967a5e181e475c4539f59e723ab84ec79e3a6d6b3" X-ARR-LOG-ID="ebcac3e3-c77d-11f0-80bd-50bbb5629ee1" CLIENT-IP="69.120.241.138:53829" X-SITE-DEPLOYMENT-ID="quotrading-flask-api" WAS-DEFAULT-HOSTNAME="quotrading-flask-api.scm.azurewebsites.net" X-Forwarded-Proto="https" X-AppService-Proto="https" X-Forwarded-TlsVersion="1.3" X-WAWS-Unencoded-URL="/api/zipdeploy?isAsync=true" X-Client-IP="69.120.241.138" X-Client-Port="53829" >
  <step title="Cleanup Xml Logs" date="2025-11-22T08:33:36.787" /><!-- duration: 11ms -->
  <step title="ZipPushDeploy" date="2025-11-22T08:33:36.818" >
    <step title="ZipDeploy. Extract zip. Remote build." date="2025-11-22T08:33:36.821" /><!-- duration: 1ms -->
    <step title="Starting PushDeployAsync" date="2025-11-22T08:33:36.825" /><!-- duration: 2ms -->
    <step title="Writing artifact to /tmp/zipdeploy/baafc915-e0a9-4cc8-be21-de66d2d68d34.zip" date="2025-11-22T08:33:36.865" >
      <step title="Writing multipart request body to /tmp/zipdeploy/baafc915-e0a9-4cc8-be21-de66d2d68d34.zip" date="2025-11-22T08:33:36.868" /><!-- duration: 17ms -->
    </step><!-- duration: 44ms -->
    <step title="Removing previous build artifact&apos;s manifest file" date="2025-11-22T08:33:36.911" >
      <step title="Start deployment in the background" date="2025-11-22T08:33:36.916" >
        <step title="Acquiring Deployment Lock" date="2025-11-22T08:33:36.920" /><!-- duration: 2ms -->
        <step title="Acquired Deployment Lock" date="2025-11-22T08:33:36.959" /><!-- duration: 2ms -->
      </step><!-- duration: 136ms -->
    </step><!-- duration: 148ms -->
    <step title="Outgoing response" date="2025-11-22T08:33:37.062" type="response" statusCode="202" statusText="Accepted" /><!-- duration: 2ms -->
  </step><!-- duration: 248ms -->
