<step title="BackgroundTrace" date="2025-11-24T18:01:44.499" instance="7d84ad" url="/api/zipdeploy" method="POST" >
  <step title="Creating temporary deployment - FetchDeploymentManager" date="2025-11-24T18:01:44.564" /><!-- duration: 1ms -->
  <step title="Creating temporary deployment" date="2025-11-24T18:01:44.568" /><!-- duration: 64ms -->
  <step title="Performing fetch based deployment" date="2025-11-24T18:01:44.686" >
    <step title="Cleaning up temp folders from previous zip deployments and extracting pushed zip file /tmp/zipdeploy/6f4835b6-dd77-4cbd-acbb-336db4451a72.zip (0.03 MB) to /tmp/zipdeploy/extracted" date="2025-11-24T18:01:45.850" >
      <step title="ChmodRecursive Process exited with total time taken in ms: 47" date="2025-11-24T18:01:45.958" /><!-- duration: 8ms -->
    </step><!-- duration: 126ms -->
    <step title="Deployment timer started" date="2025-11-24T18:01:47.989" >
      <step title="DeploymentManager.Deploy(id:82eebad9-f2cd-451a-868b-5f96b30368c3)" date="2025-11-24T18:01:47.994" >
        <step title="Collecting changeset information" date="2025-11-24T18:01:48.020" /><!-- duration: 161ms -->
        <step title="Updating submodules" date="2025-11-24T18:01:48.185" /><!-- duration: 1113ms -->
        <step title="Determining deployment builder" date="2025-11-24T18:01:49.500" >
          <step title="Builder is OryxBuilder" date="2025-11-24T18:01:49.517" /><!-- duration: 18ms -->
        </step><!-- duration: 39ms -->
        <step title="PreDeployment: context.CleanOutputPath False" date="2025-11-24T18:01:49.620" >
          <step title="PreDeployment: context.OutputPath /home/site/wwwroot" date="2025-11-24T18:01:49.789" >
            <step title="Building" date="2025-11-24T18:01:50.455" >
              <step title="Executing external process" date="2025-11-24T18:01:50.754" type="process" path="bash" arguments="-c &quot;oryx build /tmp/zipdeploy/extracted -o /home/site/wwwroot --platform python --platform-version 3.11 -p virtualenv_name=antenv --log-file /tmp/build-debug.log  -i /tmp/8de2b838a600962 --compress-destination-dir | tee /tmp/oryx-build.log ; exit $PIPESTATUS &quot;" /><!-- duration: 66033ms -->
              <step title="Using PythonDeploymentLogParser" date="2025-11-24T18:02:57.222" /><!-- duration: 4ms -->
              <step title="Triggering recycle (preview mode disabled)." date="2025-11-24T18:02:58.243" /><!-- duration: 5ms -->
              <step title="Modified file to trigger a restart of the app container." date="2025-11-24T18:02:58.283" /><!-- duration: 2ms -->
              <step title="Skip function trigger and logicapp sync because function is not enabled." date="2025-11-24T18:02:58.288" /><!-- duration: 15ms -->
              <step title="Purge deployment items" date="2025-11-24T18:02:59.413" >
                <step title="Remove 5b82a438-, Success, received at 11/24/2025 08:24:31" date="2025-11-24T18:02:59.486" /><!-- duration: 10ms -->
              </step><!-- duration: 93ms -->
            </step><!-- duration: 69127ms -->
          </step><!-- duration: 69795ms -->
          <step title="Cleaning up temp files" date="2025-11-24T18:02:59.586" /><!-- duration: 291ms -->
          <step title="Cleaning up temp files" date="2025-11-24T18:02:59.913" /><!-- duration: 517ms -->
          <step title="Reloading status file with latest updates" date="2025-11-24T18:03:00.474" >
            <step title="WebHooksManager.PublishEventAsync: PostDeployment" date="2025-11-24T18:03:00.476" /><!-- duration: 42ms -->
          </step><!-- duration: 46ms -->
          <step title="Cleaning up temporary deployment - fetch deployment was successful" date="2025-11-24T18:03:00.522" /><!-- duration: 2ms -->
        </step><!-- duration: 70989ms -->
      </step><!-- duration: 72625ms -->
