<step title="Incoming Request" date="2025-11-24T06:16:40.476" instance="7d84ad" url="/api/zipdeploy?isAsync=true" method="POST" type="request" pid="768,1,56" Accept="*/*" Host="quotrading-flask-api.scm.azurewebsites.net" User-Agent="AZURECLI/2.80.0 (MSI)" Accept-Encoding="gzip, deflate" Authorization="Bea..." Cache-Control="no-cache" Content-Type="application/octet-stream" Content-Length="82851" x-ms-client-request-id="1950eb9f-c8fd-11f0-af46-50bbb5629ee1" x-ms-artifact-checksum="53f1ababbc7fafdd5d1d50280e7d86a37701fb56993fc24440dec62e6bc39f0c" X-ARR-LOG-ID="1950eb9f-c8fd-11f0-af46-50bbb5629ee1" CLIENT-IP="69.120.241.138:59105" X-SITE-DEPLOYMENT-ID="quotrading-flask-api" WAS-DEFAULT-HOSTNAME="quotrading-flask-api.scm.azurewebsites.net" X-Forwarded-Proto="https" X-AppService-Proto="https" X-Forwarded-TlsVersion="1.3" X-WAWS-Unencoded-URL="/api/zipdeploy?isAsync=true" X-Client-IP="69.120.241.138" X-Client-Port="59105" >
  <step title="Cleanup Xml Logs" date="2025-11-24T06:16:40.504" >
    <step title="Cleanup Infos" date="2025-11-24T06:16:40.513" totalFiles="213" totalCleanup="53" /><!-- duration: 10ms -->
  </step><!-- duration: 29ms -->
  <step title="ZipPushDeploy" date="2025-11-24T06:16:40.599" >
    <step title="ZipDeploy. Extract zip. Remote build." date="2025-11-24T06:16:40.613" /><!-- duration: 2ms -->
    <step title="Starting PushDeployAsync" date="2025-11-24T06:16:40.621" /><!-- duration: 2ms -->
    <step title="Writing artifact to /tmp/zipdeploy/a6904a19-426a-4dbf-b650-cba130ae6bed.zip" date="2025-11-24T06:16:40.652" >
      <step title="Writing multipart request body to /tmp/zipdeploy/a6904a19-426a-4dbf-b650-cba130ae6bed.zip" date="2025-11-24T06:16:40.671" /><!-- duration: 16ms -->
    </step><!-- duration: 92ms -->
    <step title="Removing previous build artifact&apos;s manifest file" date="2025-11-24T06:16:40.746" >
      <step title="Start deployment in the background" date="2025-11-24T06:16:40.763" >
        <step title="Acquiring Deployment Lock" date="2025-11-24T06:16:40.795" /><!-- duration: 2ms -->
        <step title="Acquired Deployment Lock" date="2025-11-24T06:16:40.824" /><!-- duration: 2ms -->
      </step><!-- duration: 148ms -->
    </step><!-- duration: 177ms -->
    <step title="Outgoing response" date="2025-11-24T06:16:40.932" type="response" statusCode="202" statusText="Accepted" /><!-- duration: 2ms -->
  </step><!-- duration: 337ms -->
