<step title="BackgroundTrace" date="2025-11-22T08:33:36.918" instance="7d84ad" url="/api/zipdeploy" method="POST" >
  <step title="Creating temporary deployment - FetchDeploymentManager" date="2025-11-22T08:33:36.962" /><!-- duration: 1ms -->
  <step title="Creating temporary deployment" date="2025-11-22T08:33:36.967" /><!-- duration: 71ms -->
  <step title="Performing fetch based deployment" date="2025-11-22T08:33:37.071" >
    <step title="Cleaning up temp folders from previous zip deployments and extracting pushed zip file /tmp/zipdeploy/baafc915-e0a9-4cc8-be21-de66d2d68d34.zip (0.01 MB) to /tmp/zipdeploy/extracted" date="2025-11-22T08:33:38.214" >
      <step title="ChmodRecursive Process exited with total time taken in ms: 65" date="2025-11-22T08:33:38.301" /><!-- duration: 12ms -->
    </step><!-- duration: 100ms -->
    <step title="Deployment timer started" date="2025-11-22T08:33:40.321" >
      <step title="DeploymentManager.Deploy(id:6adb7fc8-d72e-4c4c-b818-a94d332123ab)" date="2025-11-22T08:33:40.343" >
        <step title="Collecting changeset information" date="2025-11-22T08:33:40.372" /><!-- duration: 89ms -->
        <step title="Updating submodules" date="2025-11-22T08:33:40.464" /><!-- duration: 1185ms -->
        <step title="Determining deployment builder" date="2025-11-22T08:33:41.851" >
          <step title="Builder is OryxBuilder" date="2025-11-22T08:33:41.890" /><!-- duration: 9ms -->
        </step><!-- duration: 59ms -->
        <step title="PreDeployment: context.CleanOutputPath False" date="2025-11-22T08:33:41.972" >
          <step title="PreDeployment: context.OutputPath /home/site/wwwroot" date="2025-11-22T08:33:42.094" >
            <step title="Building" date="2025-11-22T08:33:42.240" >
              <step title="Executing external process" date="2025-11-22T08:33:42.524" type="process" path="bash" arguments="-c &quot;oryx build /tmp/zipdeploy/extracted -o /home/site/wwwroot --platform python --platform-version 3.11 -p virtualenv_name=antenv --log-file /tmp/build-debug.log  -i /tmp/8de29a1d7bf4488 --compress-destination-dir | tee /tmp/oryx-build.log ; exit $PIPESTATUS &quot;" /><!-- duration: 50023ms -->
              <step title="Using PythonDeploymentLogParser" date="2025-11-22T08:34:32.880" /><!-- duration: 9ms -->
              <step title="Triggering recycle (preview mode disabled)." date="2025-11-22T08:34:33.989" /><!-- duration: 5ms -->
              <step title="Modified file to trigger a restart of the app container." date="2025-11-22T08:34:34.026" /><!-- duration: 2ms -->
              <step title="Skip function trigger and logicapp sync because function is not enabled." date="2025-11-22T08:34:34.030" /><!-- duration: 2ms -->
              <step title="Purge deployment items" date="2025-11-22T08:34:35.062" >
                <step title="Remove 606608c8-, Success, received at 11/22/2025 06:46:53" date="2025-11-22T08:34:35.156" /><!-- duration: 2ms -->
              </step><!-- duration: 101ms -->
            </step><!-- duration: 52994ms -->
          </step><!-- duration: 53143ms -->
          <step title="Cleaning up temp files" date="2025-11-22T08:34:35.240" /><!-- duration: 315ms -->
          <step title="Cleaning up temp files" date="2025-11-22T08:34:35.569" /><!-- duration: 506ms -->
          <step title="Reloading status file with latest updates" date="2025-11-22T08:34:36.115" >
            <step title="WebHooksManager.PublishEventAsync: PostDeployment" date="2025-11-22T08:34:36.118" /><!-- duration: 37ms -->
          </step><!-- duration: 42ms -->
          <step title="Cleaning up temporary deployment - fetch deployment was successful" date="2025-11-22T08:34:36.163" /><!-- duration: 2ms -->
        </step><!-- duration: 54250ms -->
      </step><!-- duration: 55888ms -->
