<step title="Incoming Request" date="2025-11-22T11:22:06.992" instance="7d84ad" url="/api/publish?type=zip&amp;async=True" method="POST" type="request" pid="770,1,5" Accept="*/*" Host="quotrading-flask-api.scm.azurewebsites.net" User-Agent="AZURECLI/2.79.0 (MSI)" Accept-Encoding="gzip, deflate" Authorization="Bea..." Cache-Control="no-cache" Content-Type="application/octet-stream" Cookie="ARRAffinity=7d84ad198c6f807fbfa2076d1e286d2bb239ec2b3ab1f48a5008aac89bd50ca3; ARRAffinitySameSite=7d84ad198c6f807fbfa2076d1e286d2bb239ec2b3ab1f48a5008aac89bd50ca3" Content-Length="19542" x-ms-client-request-id="6beb5090-c795-11f0-88e3-50bbb5629ee1" x-ms-artifact-checksum="c28104b68a425a79a1cdf81927062f61fed982396d908c58606a68458b2963fd" X-ARR-LOG-ID="6beb5090-c795-11f0-88e3-50bbb5629ee1" CLIENT-IP="69.120.241.138:50558" X-SITE-DEPLOYMENT-ID="quotrading-flask-api" WAS-DEFAULT-HOSTNAME="quotrading-flask-api.scm.azurewebsites.net" X-Forwarded-Proto="https" X-AppService-Proto="https" X-Forwarded-TlsVersion="1.3" X-WAWS-Unencoded-URL="/api/publish?type=zip&amp;async=True" X-Client-IP="69.120.241.138" X-Client-Port="50558" >
  <step title="Cleanup Xml Logs" date="2025-11-22T11:22:07.041" /><!-- duration: 98ms -->
  <step title="OneDeploy" date="2025-11-22T11:22:09.193" >
    <step title="Starting PushDeployAsync" date="2025-11-22T11:22:09.389" /><!-- duration: 130ms -->
    <step title="Writing artifact to /tmp/zipdeploy/1cde46cd-60ac-4488-9657-05896ae0e93f.zip" date="2025-11-22T11:22:09.875" >
      <step title="Writing multipart request body to /tmp/zipdeploy/1cde46cd-60ac-4488-9657-05896ae0e93f.zip" date="2025-11-22T11:22:10.063" /><!-- duration: 101ms -->
    </step><!-- duration: 788ms -->
    <step title="Removing previous build artifact&apos;s manifest file" date="2025-11-22T11:22:10.693" >
      <step title="Start deployment in the background" date="2025-11-22T11:22:11.034" >
        <step title="Acquiring Deployment Lock" date="2025-11-22T11:22:12.190" /><!-- duration: 90ms -->
        <step title="Acquired Deployment Lock" date="2025-11-22T11:22:12.561" /><!-- duration: 38ms -->
      </step><!-- duration: 2795ms -->
    </step><!-- duration: 4144ms -->
    <step title="Outgoing response" date="2025-11-22T11:22:15.217" type="response" statusCode="202" statusText="Accepted" /><!-- duration: 170ms -->
  </step><!-- duration: 6225ms -->
