<step title="Incoming Request" date="2025-11-24T20:25:21.945" instance="c4a671" url="/api/zipdeploy?isAsync=true" method="POST" type="request" pid="768,1,40" Accept="*/*" Host="quotrading-flask-api.scm.azurewebsites.net" User-Agent="AZURECLI/2.80.0 (MSI)" Accept-Encoding="gzip, deflate" Authorization="Bea..." Cache-Control="no-cache" Content-Type="application/octet-stream" Content-Length="46387" x-ms-client-request-id="ac480887-c973-11f0-bc80-50bbb5629ee1" x-ms-artifact-checksum="fccb83a8366990a4f78fdf067d558fbcd2e06c4c9f54fa9a0d08743ce814cbce" X-ARR-LOG-ID="ac480887-c973-11f0-bc80-50bbb5629ee1" CLIENT-IP="69.120.241.138:53228" X-SITE-DEPLOYMENT-ID="quotrading-flask-api" WAS-DEFAULT-HOSTNAME="quotrading-flask-api.scm.azurewebsites.net" X-Forwarded-Proto="https" X-AppService-Proto="https" X-Forwarded-TlsVersion="1.3" X-WAWS-Unencoded-URL="/api/zipdeploy?isAsync=true" X-Client-IP="69.120.241.138" X-Client-Port="53228" >
  <step title="Cleanup Xml Logs" date="2025-11-24T20:25:21.947" >
    <step title="Cleanup Infos" date="2025-11-24T20:25:21.959" totalFiles="421" totalCleanup="261" /><!-- duration: 13ms -->
  </step><!-- duration: 28ms -->
  <step title="ZipPushDeploy" date="2025-11-24T20:25:21.998" >
    <step title="ZipDeploy. Extract zip. Remote build." date="2025-11-24T20:25:22.006" /><!-- duration: 4ms -->
    <step title="Starting PushDeployAsync" date="2025-11-24T20:25:22.015" /><!-- duration: 3ms -->
    <step title="Writing artifact to /tmp/zipdeploy/242b03f7-d3be-4d7e-a512-df3593c660f9.zip" date="2025-11-24T20:25:22.028" >
      <step title="Writing multipart request body to /tmp/zipdeploy/242b03f7-d3be-4d7e-a512-df3593c660f9.zip" date="2025-11-24T20:25:22.031" /><!-- duration: 3ms -->
    </step><!-- duration: 37ms -->
    <step title="Removing previous build artifact&apos;s manifest file" date="2025-11-24T20:25:22.069" >
      <step title="Start deployment in the background" date="2025-11-24T20:25:22.081" >
        <step title="Acquiring Deployment Lock" date="2025-11-24T20:25:22.101" /><!-- duration: 3ms -->
        <step title="Acquired Deployment Lock" date="2025-11-24T20:25:22.153" /><!-- duration: 3ms -->
      </step><!-- duration: 132ms -->
    </step><!-- duration: 156ms -->
    <step title="Outgoing response" date="2025-11-24T20:25:22.229" type="response" statusCode="202" statusText="Accepted" /><!-- duration: 6ms -->
  </step><!-- duration: 240ms -->
