﻿<?xml version="1.0" encoding="utf-8"?>
<deployment>
  <id>2280e05f-17a0-4fbf-bc74-92cf14a001cd</id>
  <author>N/A</author>
  <deployer>Push-Deployer</deployer>
  <authorEmail>N/A</authorEmail>
  <message>Created via a push deployment</message>
  <progress></progress>
  <status>Success</status>
  <statusText></statusText>
  <lastSuccessEndTime>2025-12-01T01:28:57.8566702Z</lastSuccessEndTime>
  <receivedTime>2025-12-01T01:27:36.1955413Z</receivedTime>
  <startTime>2025-12-01T01:27:38.3218806Z</startTime>
  <endTime>2025-12-01T01:28:57.8566702Z</endTime>
  <complete>True</complete>
  <is_temp>False</is_temp>
  <is_readonly>True</is_readonly>
  <buildSummary />
</deployment>