﻿<?xml version="1.0" encoding="utf-8"?>
<deployment>
  <id>65b9865a-54b5-49ea-9fc0-b6b0433dbb6d</id>
  <author>N/A</author>
  <deployer>Push-Deployer</deployer>
  <authorEmail>N/A</authorEmail>
  <message>Created via a push deployment</message>
  <progress></progress>
  <status>Success</status>
  <statusText></statusText>
  <lastSuccessEndTime>2025-11-30T08:29:16.631849Z</lastSuccessEndTime>
  <receivedTime>2025-11-30T08:28:16.0876438Z</receivedTime>
  <startTime>2025-11-30T08:28:17.4205496Z</startTime>
  <endTime>2025-11-30T08:29:16.631849Z</endTime>
  <complete>True</complete>
  <is_temp>False</is_temp>
  <is_readonly>True</is_readonly>
  <buildSummary />
</deployment>