<step title="Incoming Request" date="2025-11-24T20:01:15.546" instance="c4a671" url="/api/zipdeploy?isAsync=true" method="POST" type="request" pid="768,1,5" Accept="*/*" Host="quotrading-flask-api.scm.azurewebsites.net" User-Agent="AZURECLI/2.80.0 (MSI)" Accept-Encoding="gzip, deflate" Authorization="Bea..." Cache-Control="no-cache" Content-Type="application/octet-stream" Content-Length="46350" x-ms-client-request-id="4736a012-c970-11f0-b61e-50bbb5629ee1" x-ms-artifact-checksum="9b36a80a6a50b321c2919128a942411d50527a189f62dc4954659bfdd90b15db" X-ARR-LOG-ID="4736a012-c970-11f0-b61e-50bbb5629ee1" CLIENT-IP="69.120.241.138:51112" X-SITE-DEPLOYMENT-ID="quotrading-flask-api" WAS-DEFAULT-HOSTNAME="quotrading-flask-api.scm.azurewebsites.net" X-Forwarded-Proto="https" X-AppService-Proto="https" X-Forwarded-TlsVersion="1.3" X-WAWS-Unencoded-URL="/api/zipdeploy?isAsync=true" X-Client-IP="69.120.241.138" X-Client-Port="51112" >
  <step title="ZipPushDeploy" date="2025-11-24T20:01:16.030" >
    <step title="ZipDeploy. Extract zip. Remote build." date="2025-11-24T20:01:16.039" /><!-- duration: 5ms -->
    <step title="None repository commit" date="2025-11-24T20:01:16.061" >
      <step title="Commit id: b3c49ddd-e4f8-40ea-a7f7-01f2f30ffb4f" date="2025-11-24T20:01:16.064" Message="N/A" AuthorName="N/A" AuthorEmail="N/A" /><!-- duration: 4ms -->
    </step><!-- duration: 10ms -->
    <step title="Starting PushDeployAsync" date="2025-11-24T20:01:16.074" /><!-- duration: 3ms -->
    <step title="Writing artifact to /tmp/zipdeploy/fbc63fe5-9feb-4f2e-98f9-9f5c3fe19ac4.zip" date="2025-11-24T20:01:16.130" >
      <step title="Writing multipart request body to /tmp/zipdeploy/fbc63fe5-9feb-4f2e-98f9-9f5c3fe19ac4.zip" date="2025-11-24T20:01:16.134" /><!-- duration: 3ms -->
    </step><!-- duration: 40ms -->
    <step title="Removing previous build artifact&apos;s manifest file" date="2025-11-24T20:01:16.179" >
      <step title="Start deployment in the background" date="2025-11-24T20:01:16.188" >
        <step title="Acquiring Deployment Lock" date="2025-11-24T20:01:16.197" /><!-- duration: 8ms -->
        <step title="Acquired Deployment Lock" date="2025-11-24T20:01:16.252" /><!-- duration: 3ms -->
      </step><!-- duration: 129ms -->
    </step><!-- duration: 144ms -->
    <step title="Outgoing response" date="2025-11-24T20:01:16.341" type="response" statusCode="202" statusText="Accepted" /><!-- duration: 7ms -->
  </step><!-- duration: 321ms -->
