<step title="Incoming Request" date="2025-11-24T11:17:50.274" instance="7d84ad" url="/api/zipdeploy?isAsync=true" method="POST" type="request" pid="768,1,34" Accept="*/*" Host="quotrading-flask-api.scm.azurewebsites.net" User-Agent="AZURECLI/2.80.0 (MSI)" Accept-Encoding="gzip, deflate" Authorization="Bea..." Cache-Control="no-cache" Content-Type="application/octet-stream" Content-Length="30968" x-ms-client-request-id="2df3c5dc-c927-11f0-a2f9-50bbb5629ee1" x-ms-artifact-checksum="f18397493c14c4111c449d7b5d66870f21494d3f4e62a1a909b401c8c33cbe7d" X-ARR-LOG-ID="2df3c5dc-c927-11f0-a2f9-50bbb5629ee1" CLIENT-IP="69.120.241.138:61270" X-SITE-DEPLOYMENT-ID="quotrading-flask-api" WAS-DEFAULT-HOSTNAME="quotrading-flask-api.scm.azurewebsites.net" X-Forwarded-Proto="https" X-AppService-Proto="https" X-Forwarded-TlsVersion="1.3" X-WAWS-Unencoded-URL="/api/zipdeploy?isAsync=true" X-Client-IP="69.120.241.138" X-Client-Port="61270" >
  <step title="Cleanup Xml Logs" date="2025-11-24T11:17:50.283" >
    <step title="Cleanup Infos" date="2025-11-24T11:17:50.319" totalFiles="302" totalCleanup="142" /><!-- duration: 23ms -->
  </step><!-- duration: 69ms -->
  <step title="ZipPushDeploy" date="2025-11-24T11:17:50.392" >
    <step title="ZipDeploy. Extract zip. Remote build." date="2025-11-24T11:17:50.412" /><!-- duration: 2ms -->
    <step title="Starting PushDeployAsync" date="2025-11-24T11:17:50.416" /><!-- duration: 2ms -->
    <step title="Writing artifact to /tmp/zipdeploy/a6cc1a3d-c35c-457a-b74b-fb624cdfff10.zip" date="2025-11-24T11:17:50.425" >
      <step title="Writing multipart request body to /tmp/zipdeploy/a6cc1a3d-c35c-457a-b74b-fb624cdfff10.zip" date="2025-11-24T11:17:50.429" /><!-- duration: 41ms -->
    </step><!-- duration: 67ms -->
    <step title="Removing previous build artifact&apos;s manifest file" date="2025-11-24T11:17:50.503" >
      <step title="Start deployment in the background" date="2025-11-24T11:17:50.521" >
        <step title="Acquiring Deployment Lock" date="2025-11-24T11:17:50.535" /><!-- duration: 2ms -->
        <step title="Acquired Deployment Lock" date="2025-11-24T11:17:50.556" /><!-- duration: 2ms -->
      </step><!-- duration: 94ms -->
    </step><!-- duration: 114ms -->
    <step title="Outgoing response" date="2025-11-24T11:17:50.621" type="response" statusCode="202" statusText="Accepted" /><!-- duration: 2ms -->
  </step><!-- duration: 232ms -->
