<step title="Incoming Request" date="2025-11-24T10:41:01.689" instance="7d84ad" url="/api/zipdeploy?isAsync=true" method="POST" type="request" pid="768,1,48" Accept="*/*" Host="quotrading-flask-api.scm.azurewebsites.net" User-Agent="AZURECLI/2.80.0 (MSI)" Accept-Encoding="gzip, deflate" Authorization="Bea..." Cache-Control="no-cache" Content-Type="application/octet-stream" Content-Length="30481" x-ms-client-request-id="07450cdc-c922-11f0-a88b-50bbb5629ee1" x-ms-artifact-checksum="6f6883dfe553c2cca3f358339f13ceba2faf0cdfa6a4d6155731af6fdd99c912" X-ARR-LOG-ID="07450cdc-c922-11f0-a88b-50bbb5629ee1" CLIENT-IP="69.120.241.138:62770" X-SITE-DEPLOYMENT-ID="quotrading-flask-api" WAS-DEFAULT-HOSTNAME="quotrading-flask-api.scm.azurewebsites.net" X-Forwarded-Proto="https" X-AppService-Proto="https" X-Forwarded-TlsVersion="1.3" X-WAWS-Unencoded-URL="/api/zipdeploy?isAsync=true" X-Client-IP="69.120.241.138" X-Client-Port="62770" >
  <step title="Cleanup Xml Logs" date="2025-11-24T10:41:01.692" >
    <step title="Cleanup Infos" date="2025-11-24T10:41:01.698" totalFiles="288" totalCleanup="128" /><!-- duration: 3ms -->
  </step><!-- duration: 11ms -->
  <step title="ZipPushDeploy" date="2025-11-24T10:41:01.737" >
    <step title="ZipDeploy. Extract zip. Remote build." date="2025-11-24T10:41:01.754" /><!-- duration: 2ms -->
    <step title="Starting PushDeployAsync" date="2025-11-24T10:41:01.794" /><!-- duration: 9ms -->
    <step title="Writing artifact to /tmp/zipdeploy/3248f1ec-26c8-4246-be69-63ebc7b9e3d1.zip" date="2025-11-24T10:41:01.833" >
      <step title="Writing multipart request body to /tmp/zipdeploy/3248f1ec-26c8-4246-be69-63ebc7b9e3d1.zip" date="2025-11-24T10:41:01.855" /><!-- duration: 9ms -->
    </step><!-- duration: 74ms -->
    <step title="Removing previous build artifact&apos;s manifest file" date="2025-11-24T10:41:01.917" >
      <step title="Start deployment in the background" date="2025-11-24T10:41:01.963" >
        <step title="Acquiring Deployment Lock" date="2025-11-24T10:41:02.045" /><!-- duration: 9ms -->
        <step title="Acquired Deployment Lock" date="2025-11-24T10:41:02.086" /><!-- duration: 2ms -->
      </step><!-- duration: 202ms -->
    </step><!-- duration: 252ms -->
    <step title="Outgoing response" date="2025-11-24T10:41:02.177" type="response" statusCode="202" statusText="Accepted" /><!-- duration: 11ms -->
  </step><!-- duration: 460ms -->
