<step title="Incoming Request" date="2025-11-22T08:37:51.026" instance="7d84ad" url="/api/zipdeploy?isAsync=true" method="POST" type="request" pid="770,1,30" Accept="*/*" Host="quotrading-flask-api.scm.azurewebsites.net" User-Agent="AZURECLI/2.79.0 (MSI)" Accept-Encoding="gzip, deflate" Authorization="Bea..." Cache-Control="no-cache" Content-Type="application/octet-stream" Content-Length="11449" x-ms-client-request-id="84f2782d-c77e-11f0-b39a-50bbb5629ee1" x-ms-artifact-checksum="1a09b7e24b795eaf408ffb4268f0bd0932e7e48f6a0f08353ffd668ab53908d8" X-ARR-LOG-ID="84f2782d-c77e-11f0-b39a-50bbb5629ee1" CLIENT-IP="69.120.241.138:63889" X-SITE-DEPLOYMENT-ID="quotrading-flask-api" WAS-DEFAULT-HOSTNAME="quotrading-flask-api.scm.azurewebsites.net" X-Forwarded-Proto="https" X-AppService-Proto="https" X-Forwarded-TlsVersion="1.3" X-WAWS-Unencoded-URL="/api/zipdeploy?isAsync=true" X-Client-IP="69.120.241.138" X-Client-Port="63889" >
  <step title="Cleanup Xml Logs" date="2025-11-22T08:37:51.028" /><!-- duration: 12ms -->
  <step title="ZipPushDeploy" date="2025-11-22T08:37:51.168" >
    <step title="ZipDeploy. Extract zip. Remote build." date="2025-11-22T08:37:51.189" /><!-- duration: 2ms -->
    <step title="Starting PushDeployAsync" date="2025-11-22T08:37:51.193" /><!-- duration: 1ms -->
    <step title="Writing artifact to /tmp/zipdeploy/09805830-3d04-41de-a707-5781bd87080e.zip" date="2025-11-22T08:37:51.200" >
      <step title="Writing multipart request body to /tmp/zipdeploy/09805830-3d04-41de-a707-5781bd87080e.zip" date="2025-11-22T08:37:51.206" /><!-- duration: 2ms -->
    </step><!-- duration: 41ms -->
    <step title="Removing previous build artifact&apos;s manifest file" date="2025-11-22T08:37:51.251" >
      <step title="Start deployment in the background" date="2025-11-22T08:37:51.268" >
        <step title="Acquiring Deployment Lock" date="2025-11-22T08:37:51.279" /><!-- duration: 8ms -->
        <step title="Acquired Deployment Lock" date="2025-11-22T08:37:51.307" /><!-- duration: 2ms -->
      </step><!-- duration: 114ms -->
    </step><!-- duration: 140ms -->
    <step title="Outgoing response" date="2025-11-22T08:37:51.393" type="response" statusCode="202" statusText="Accepted" /><!-- duration: 7ms -->
  </step><!-- duration: 233ms -->
