<step title="Incoming Request" date="2025-11-22T08:05:58.767" instance="7d84ad" url="/api/zipdeploy?isAsync=true" method="POST" type="request" pid="770,1,5" Accept="*/*" Host="quotrading-flask-api.scm.azurewebsites.net" User-Agent="AZURECLI/2.79.0 (MSI)" Accept-Encoding="gzip, deflate" Authorization="Bea..." Cache-Control="no-cache" Content-Type="application/octet-stream" Content-Length="5955" x-ms-client-request-id="10e16136-c77a-11f0-8bb3-50bbb5629ee1" x-ms-artifact-checksum="3064804f6a496e9846506eb64d67e9d4c8f0b55aeb3bade09461793f5ab92422" X-ARR-LOG-ID="10e16136-c77a-11f0-8bb3-50bbb5629ee1" CLIENT-IP="69.120.241.138:60679" X-SITE-DEPLOYMENT-ID="quotrading-flask-api" WAS-DEFAULT-HOSTNAME="quotrading-flask-api.scm.azurewebsites.net" X-Forwarded-Proto="https" X-AppService-Proto="https" X-Forwarded-TlsVersion="1.3" X-WAWS-Unencoded-URL="/api/zipdeploy?isAsync=true" X-Client-IP="69.120.241.138" X-Client-Port="60679" >
  <step title="ZipPushDeploy" date="2025-11-22T08:05:59.188" >
    <step title="ZipDeploy. Extract zip. Remote build." date="2025-11-22T08:05:59.199" /><!-- duration: 2ms -->
    <step title="None repository commit" date="2025-11-22T08:05:59.206" >
      <step title="Commit id: 9cb0ab15-a227-4dde-ae7c-a71f88751077" date="2025-11-22T08:05:59.208" Message="N/A" AuthorName="N/A" AuthorEmail="N/A" /><!-- duration: 2ms -->
    </step><!-- duration: 5ms -->
    <step title="Starting PushDeployAsync" date="2025-11-22T08:05:59.214" /><!-- duration: 2ms -->
    <step title="Writing artifact to /tmp/zipdeploy/fa8d474b-fdee-4e5d-8ee4-942d8781963b.zip" date="2025-11-22T08:05:59.230" >
      <step title="Writing multipart request body to /tmp/zipdeploy/fa8d474b-fdee-4e5d-8ee4-942d8781963b.zip" date="2025-11-22T08:05:59.236" /><!-- duration: 9ms -->
    </step><!-- duration: 90ms -->
    <step title="Removing previous build artifact&apos;s manifest file" date="2025-11-22T08:05:59.322" >
      <step title="Start deployment in the background" date="2025-11-22T08:05:59.337" >
        <step title="Acquiring Deployment Lock" date="2025-11-22T08:05:59.371" /><!-- duration: 2ms -->
        <step title="Acquired Deployment Lock" date="2025-11-22T08:05:59.413" /><!-- duration: 2ms -->
      </step><!-- duration: 155ms -->
    </step><!-- duration: 178ms -->
    <step title="Outgoing response" date="2025-11-22T08:05:59.520" type="response" statusCode="202" statusText="Accepted" /><!-- duration: 2ms -->
  </step><!-- duration: 335ms -->
