<step title="Incoming Request" date="2025-11-24T11:11:07.759" instance="7d84ad" url="/api/deployments/latest" method="GET" type="request" pid="768,1,27" Accept="*/*" Host="quotrading-flask-api.scm.azurewebsites.net" User-Agent="AZURECLI/2.80.0 (MSI)" Accept-Encoding="gzip, deflate" Authorization="Bea..." x-ms-client-request-id="38214a3a-c926-11f0-8f7e-50bbb5629ee1" X-ARR-LOG-ID="38214a3a-c926-11f0-8f7e-50bbb5629ee1" CLIENT-IP="69.120.241.138:58196" X-SITE-DEPLOYMENT-ID="quotrading-flask-api" WAS-DEFAULT-HOSTNAME="quotrading-flask-api.scm.azurewebsites.net" X-Forwarded-Proto="https" X-AppService-Proto="https" X-Forwarded-TlsVersion="1.3" X-WAWS-Unencoded-URL="/api/deployments/latest" X-Client-IP="69.120.241.138" X-Client-Port="58196" >
  <step title="Cleanup Xml Logs" date="2025-11-24T11:11:07.768" >
    <step title="Cleanup Infos" date="2025-11-24T11:11:07.809" totalFiles="297" totalCleanup="137" /><!-- duration: 10ms -->
  </step><!-- duration: 60ms -->
  <step title="DeploymentService.GetResult" date="2025-11-24T11:11:07.858" >
    <step title="DeploymentService.GetLatestDeployment" date="2025-11-24T11:11:07.889" >
      <step title="DeploymentManager.GetResults" date="2025-11-24T11:11:07.907" /><!-- duration: 1111ms -->
    </step><!-- duration: 1148ms -->
  </step><!-- duration: 1203ms -->
  <step title="Outgoing response" date="2025-11-24T11:11:09.068" type="response" statusCode="202" statusText="Accepted" /><!-- duration: 4ms -->
</step><!-- duration: 1328ms -->
