<step title="Incoming Request" date="2025-11-24T17:54:04.409" instance="7d84ad" url="/api/zipdeploy?isAsync=true" method="POST" type="request" pid="768,1,29" Accept="*/*" Host="quotrading-flask-api.scm.azurewebsites.net" User-Agent="AZURECLI/2.80.0 (MSI)" Accept-Encoding="gzip, deflate" Authorization="Bea..." Cache-Control="no-cache" Content-Type="application/octet-stream" Content-Length="31121" x-ms-client-request-id="837c8cb3-c95e-11f0-aba7-50bbb5629ee1" x-ms-artifact-checksum="eed2d7eb4a8ba09b30164afe77822baa3f9bb65605a95f1a14601398dbc68be9" X-ARR-LOG-ID="837c8cb3-c95e-11f0-aba7-50bbb5629ee1" CLIENT-IP="69.120.241.138:50976" X-SITE-DEPLOYMENT-ID="quotrading-flask-api" WAS-DEFAULT-HOSTNAME="quotrading-flask-api.scm.azurewebsites.net" X-Forwarded-Proto="https" X-AppService-Proto="https" X-Forwarded-TlsVersion="1.3" X-WAWS-Unencoded-URL="/api/zipdeploy?isAsync=true" X-Client-IP="69.120.241.138" X-Client-Port="50976" >
  <step title="Cleanup Xml Logs" date="2025-11-24T17:54:04.411" >
    <step title="Cleanup Infos" date="2025-11-24T17:54:04.417" totalFiles="329" totalCleanup="169" /><!-- duration: 3ms -->
  </step><!-- duration: 14ms -->
  <step title="ZipPushDeploy" date="2025-11-24T17:54:04.442" >
    <step title="ZipDeploy. Extract zip. Remote build." date="2025-11-24T17:54:04.446" /><!-- duration: 2ms -->
    <step title="Starting PushDeployAsync" date="2025-11-24T17:54:04.450" /><!-- duration: 2ms -->
    <step title="Writing artifact to /tmp/zipdeploy/896705ab-c925-426e-803a-8ed4710f3e0e.zip" date="2025-11-24T17:54:04.462" >
      <step title="Writing multipart request body to /tmp/zipdeploy/896705ab-c925-426e-803a-8ed4710f3e0e.zip" date="2025-11-24T17:54:04.464" /><!-- duration: 6ms -->
    </step><!-- duration: 36ms -->
    <step title="Removing previous build artifact&apos;s manifest file" date="2025-11-24T17:54:04.517" >
      <step title="Start deployment in the background" date="2025-11-24T17:54:04.535" >
        <step title="Acquiring Deployment Lock" date="2025-11-24T17:54:04.547" /><!-- duration: 2ms -->
        <step title="Acquired Deployment Lock" date="2025-11-24T17:54:04.582" /><!-- duration: 2ms -->
      </step><!-- duration: 130ms -->
    </step><!-- duration: 152ms -->
    <step title="Outgoing response" date="2025-11-24T17:54:04.671" type="response" statusCode="202" statusText="Accepted" /><!-- duration: 2ms -->
  </step><!-- duration: 233ms -->
