<step title="Incoming Request" date="2025-11-24T08:27:25.952" instance="7d84ad" url="/api/zipdeploy?isAsync=true" method="POST" type="request" pid="768,1,26" Accept="*/*" Host="quotrading-flask-api.scm.azurewebsites.net" User-Agent="AZURECLI/2.80.0 (MSI)" Accept-Encoding="gzip, deflate" Authorization="Bea..." Cache-Control="no-cache" Content-Type="application/octet-stream" Content-Length="28771" x-ms-client-request-id="60df7af7-c90f-11f0-aae5-50bbb5629ee1" x-ms-artifact-checksum="4b5306804db6b4851b999d8223bf2c49e976d96ab0864b98f66bfaedaea6f266" X-ARR-LOG-ID="60df7af7-c90f-11f0-aae5-50bbb5629ee1" CLIENT-IP="69.120.241.138:63872" X-SITE-DEPLOYMENT-ID="quotrading-flask-api" WAS-DEFAULT-HOSTNAME="quotrading-flask-api.scm.azurewebsites.net" X-Forwarded-Proto="https" X-AppService-Proto="https" X-Forwarded-TlsVersion="1.3" X-WAWS-Unencoded-URL="/api/zipdeploy?isAsync=true" X-Client-IP="69.120.241.138" X-Client-Port="63872" >
  <step title="Cleanup Xml Logs" date="2025-11-24T08:27:25.954" >
    <step title="Cleanup Infos" date="2025-11-24T08:27:25.962" totalFiles="263" totalCleanup="103" /><!-- duration: 3ms -->
  </step><!-- duration: 13ms -->
  <step title="ZipPushDeploy" date="2025-11-24T08:27:25.981" >
    <step title="ZipDeploy. Extract zip. Remote build." date="2025-11-24T08:27:25.994" /><!-- duration: 2ms -->
    <step title="Starting PushDeployAsync" date="2025-11-24T08:27:25.999" /><!-- duration: 2ms -->
    <step title="Writing artifact to /tmp/zipdeploy/2f605535-707b-4f3b-ab1f-b41c473da11f.zip" date="2025-11-24T08:27:26.010" >
      <step title="Writing multipart request body to /tmp/zipdeploy/2f605535-707b-4f3b-ab1f-b41c473da11f.zip" date="2025-11-24T08:27:26.012" /><!-- duration: 6ms -->
    </step><!-- duration: 39ms -->
    <step title="Removing previous build artifact&apos;s manifest file" date="2025-11-24T08:27:26.060" >
      <step title="Start deployment in the background" date="2025-11-24T08:27:26.081" >
        <step title="Acquiring Deployment Lock" date="2025-11-24T08:27:26.111" /><!-- duration: 8ms -->
        <step title="Acquired Deployment Lock" date="2025-11-24T08:27:26.158" /><!-- duration: 3ms -->
      </step><!-- duration: 171ms -->
    </step><!-- duration: 195ms -->
    <step title="Outgoing response" date="2025-11-24T08:27:26.270" type="response" statusCode="202" statusText="Accepted" /><!-- duration: 2ms -->
  </step><!-- duration: 294ms -->
