<step title="Incoming Request" date="2025-11-24T19:46:33.114" instance="7d84ad" url="/api/deployments/latest" method="GET" type="request" pid="768,1,34" Accept="*/*" Host="quotrading-flask-api.scm.azurewebsites.net" User-Agent="AZURECLI/2.80.0 (MSI)" Accept-Encoding="gzip, deflate" Authorization="Bea..." x-ms-client-request-id="3abe24ab-c96e-11f0-9fed-50bbb5629ee1" X-ARR-LOG-ID="3abe24ab-c96e-11f0-9fed-50bbb5629ee1" CLIENT-IP="69.120.241.138:56140" X-SITE-DEPLOYMENT-ID="quotrading-flask-api" WAS-DEFAULT-HOSTNAME="quotrading-flask-api.scm.azurewebsites.net" X-Forwarded-Proto="https" X-AppService-Proto="https" X-Forwarded-TlsVersion="1.3" X-WAWS-Unencoded-URL="/api/deployments/latest" X-Client-IP="69.120.241.138" X-Client-Port="56140" >
  <step title="Cleanup Xml Logs" date="2025-11-24T19:46:33.116" >
    <step title="Cleanup Infos" date="2025-11-24T19:46:33.124" totalFiles="403" totalCleanup="243" /><!-- duration: 7ms -->
  </step><!-- duration: 20ms -->
  <step title="DeploymentService.GetResult" date="2025-11-24T19:46:33.140" >
    <step title="DeploymentService.GetLatestDeployment" date="2025-11-24T19:46:33.142" >
      <step title="DeploymentManager.GetResults" date="2025-11-24T19:46:33.143" /><!-- duration: 630ms -->
    </step><!-- duration: 634ms -->
  </step><!-- duration: 638ms -->
  <step title="Outgoing response" date="2025-11-24T19:46:33.782" type="response" statusCode="202" statusText="Accepted" /><!-- duration: 2ms -->
</step><!-- duration: 671ms -->
