<step title="BackgroundTrace" date="2025-11-24T10:36:29.925" instance="7d84ad" url="/api/zipdeploy" method="POST" >
  <step title="Creating temporary deployment - FetchDeploymentManager" date="2025-11-24T10:36:29.977" /><!-- duration: 6ms -->
  <step title="Creating temporary deployment" date="2025-11-24T10:36:29.985" /><!-- duration: 71ms -->
  <step title="Performing fetch based deployment" date="2025-11-24T10:36:30.078" >
    <step title="Cleaning up temp folders from previous zip deployments and extracting pushed zip file /tmp/zipdeploy/5b67a68d-b88d-4625-8063-98c750f9cabd.zip (0.03 MB) to /tmp/zipdeploy/extracted" date="2025-11-24T10:36:31.230" >
      <step title="ChmodRecursive Process exited with total time taken in ms: 79" date="2025-11-24T10:36:31.444" /><!-- duration: 12ms -->
    </step><!-- duration: 447ms -->
    <step title="Deployment timer started" date="2025-11-24T10:36:33.691" >
      <step title="DeploymentManager.Deploy(id:85929f2f-2590-4454-b4ad-c7f52c57cd8c)" date="2025-11-24T10:36:33.695" >
        <step title="Collecting changeset information" date="2025-11-24T10:36:33.743" /><!-- duration: 142ms -->
        <step title="Updating submodules" date="2025-11-24T10:36:33.888" /><!-- duration: 1124ms -->
        <step title="Determining deployment builder" date="2025-11-24T10:36:35.204" >
          <step title="Builder is OryxBuilder" date="2025-11-24T10:36:35.223" /><!-- duration: 2ms -->
        </step><!-- duration: 23ms -->
        <step title="PreDeployment: context.CleanOutputPath False" date="2025-11-24T10:36:35.298" >
          <step title="PreDeployment: context.OutputPath /home/site/wwwroot" date="2025-11-24T10:36:35.421" >
            <step title="Building" date="2025-11-24T10:36:35.597" >
              <step title="Executing external process" date="2025-11-24T10:36:36.244" type="process" path="bash" arguments="-c &quot;oryx build /tmp/zipdeploy/extracted -o /home/site/wwwroot --platform python --platform-version 3.11 -p virtualenv_name=antenv --log-file /tmp/build-debug.log  -i /tmp/8de2b455767d672 --compress-destination-dir | tee /tmp/oryx-build.log ; exit $PIPESTATUS &quot;" /><!-- duration: 57522ms -->
              <step title="Using PythonDeploymentLogParser" date="2025-11-24T10:37:34.108" /><!-- duration: 12ms -->
              <step title="Triggering recycle (preview mode disabled)." date="2025-11-24T10:37:35.198" /><!-- duration: 7ms -->
              <step title="Modified file to trigger a restart of the app container." date="2025-11-24T10:37:35.236" /><!-- duration: 2ms -->
              <step title="Skip function trigger and logicapp sync because function is not enabled." date="2025-11-24T10:37:35.240" /><!-- duration: 6ms -->
              <step title="Purge deployment items" date="2025-11-24T10:37:36.443" >
                <step title="Remove 57b91f4f-, Success, received at 11/22/2025 18:21:05" date="2025-11-24T10:37:36.491" /><!-- duration: 3ms -->
              </step><!-- duration: 53ms -->
            </step><!-- duration: 60970ms -->
          </step><!-- duration: 61149ms -->
          <step title="Cleaning up temp files" date="2025-11-24T10:37:36.572" /><!-- duration: 336ms -->
          <step title="Cleaning up temp files" date="2025-11-24T10:37:36.910" /><!-- duration: 522ms -->
          <step title="Reloading status file with latest updates" date="2025-11-24T10:37:37.468" >
            <step title="WebHooksManager.PublishEventAsync: PostDeployment" date="2025-11-24T10:37:37.474" /><!-- duration: 42ms -->
          </step><!-- duration: 50ms -->
          <step title="Cleaning up temporary deployment - fetch deployment was successful" date="2025-11-24T10:37:37.523" /><!-- duration: 2ms -->
        </step><!-- duration: 62298ms -->
      </step><!-- duration: 63923ms -->
