<step title="Incoming Request" date="2025-11-24T18:53:33.965" instance="7d84ad" url="/api/zipdeploy?isAsync=true" method="POST" type="request" pid="768,1,44" Accept="*/*" Host="quotrading-flask-api.scm.azurewebsites.net" User-Agent="AZURECLI/2.80.0 (MSI)" Accept-Encoding="gzip, deflate" Authorization="Bea..." Cache-Control="no-cache" Content-Type="application/octet-stream" Content-Length="32320" x-ms-client-request-id="d7a61209-c966-11f0-a3e3-50bbb5629ee1" x-ms-artifact-checksum="cba50826e8c12a7b1ea3ea0087ffeaa7d08c9719c77bd5cfba4ad53b2aa2bb95" X-ARR-LOG-ID="d7a61209-c966-11f0-a3e3-50bbb5629ee1" CLIENT-IP="69.120.241.138:62979" X-SITE-DEPLOYMENT-ID="quotrading-flask-api" WAS-DEFAULT-HOSTNAME="quotrading-flask-api.scm.azurewebsites.net" X-Forwarded-Proto="https" X-AppService-Proto="https" X-Forwarded-TlsVersion="1.3" X-WAWS-Unencoded-URL="/api/zipdeploy?isAsync=true" X-Client-IP="69.120.241.138" X-Client-Port="62979" >
  <step title="Cleanup Xml Logs" date="2025-11-24T18:53:33.967" >
    <step title="Cleanup Infos" date="2025-11-24T18:53:33.976" totalFiles="382" totalCleanup="222" /><!-- duration: 74ms -->
  </step><!-- duration: 85ms -->
  <step title="ZipPushDeploy" date="2025-11-24T18:53:34.064" >
    <step title="ZipDeploy. Extract zip. Remote build." date="2025-11-24T18:53:34.084" /><!-- duration: 5ms -->
    <step title="Starting PushDeployAsync" date="2025-11-24T18:53:34.109" /><!-- duration: 2ms -->
    <step title="Writing artifact to /tmp/zipdeploy/092e0038-9428-4c9a-9bd2-f51ddc488d47.zip" date="2025-11-24T18:53:34.120" >
      <step title="Writing multipart request body to /tmp/zipdeploy/092e0038-9428-4c9a-9bd2-f51ddc488d47.zip" date="2025-11-24T18:53:34.128" /><!-- duration: 17ms -->
    </step><!-- duration: 56ms -->
    <step title="Removing previous build artifact&apos;s manifest file" date="2025-11-24T18:53:34.194" >
      <step title="Start deployment in the background" date="2025-11-24T18:53:34.216" >
        <step title="Acquiring Deployment Lock" date="2025-11-24T18:53:34.253" /><!-- duration: 2ms -->
        <step title="Acquired Deployment Lock" date="2025-11-24T18:53:34.275" /><!-- duration: 2ms -->
      </step><!-- duration: 126ms -->
    </step><!-- duration: 152ms -->
    <step title="Outgoing response" date="2025-11-24T18:53:34.349" type="response" statusCode="202" statusText="Accepted" /><!-- duration: 6ms -->
  </step><!-- duration: 292ms -->
