<step title="Incoming Request" date="2025-11-24T08:24:27.748" instance="7d84ad" url="/api/zipdeploy?isAsync=true" method="POST" type="request" pid="768,1,3" Accept="*/*" Host="quotrading-flask-api.scm.azurewebsites.net" User-Agent="AZURECLI/2.80.0 (MSI)" Accept-Encoding="gzip, deflate" Authorization="Bea..." Cache-Control="no-cache" Content-Type="application/octet-stream" Content-Length="28771" x-ms-client-request-id="f48b7ced-c90e-11f0-bb07-50bbb5629ee1" x-ms-artifact-checksum="4b5306804db6b4851b999d8223bf2c49e976d96ab0864b98f66bfaedaea6f266" X-ARR-LOG-ID="f48b7ced-c90e-11f0-bb07-50bbb5629ee1" CLIENT-IP="69.120.241.138:55292" X-SITE-DEPLOYMENT-ID="quotrading-flask-api" WAS-DEFAULT-HOSTNAME="quotrading-flask-api.scm.azurewebsites.net" X-Forwarded-Proto="https" X-AppService-Proto="https" X-Forwarded-TlsVersion="1.3" X-WAWS-Unencoded-URL="/api/zipdeploy?isAsync=true" X-Client-IP="69.120.241.138" X-Client-Port="55292" >
  <step title="Cleanup Xml Logs" date="2025-11-24T08:24:27.751" >
    <step title="Cleanup Infos" date="2025-11-24T08:24:27.762" totalFiles="252" totalCleanup="92" /><!-- duration: 6ms -->
  </step><!-- duration: 20ms -->
  <step title="ZipPushDeploy" date="2025-11-24T08:24:27.808" >
    <step title="ZipDeploy. Extract zip. Remote build." date="2025-11-24T08:24:27.829" /><!-- duration: 9ms -->
    <step title="Starting PushDeployAsync" date="2025-11-24T08:24:27.847" /><!-- duration: 2ms -->
    <step title="Writing artifact to /tmp/zipdeploy/099210f6-06bd-4649-99a2-e5b2d9a119f0.zip" date="2025-11-24T08:24:27.859" >
      <step title="Writing multipart request body to /tmp/zipdeploy/099210f6-06bd-4649-99a2-e5b2d9a119f0.zip" date="2025-11-24T08:24:27.876" /><!-- duration: 3ms -->
    </step><!-- duration: 32ms -->
    <step title="Start deployment in the background" date="2025-11-24T08:24:27.912" >
      <step title="Acquiring Deployment Lock" date="2025-11-24T08:24:27.929" /><!-- duration: 12ms -->
      <step title="Acquired Deployment Lock" date="2025-11-24T08:24:27.973" /><!-- duration: 3ms -->
    </step><!-- duration: 132ms -->
  </step><!-- duration: 238ms -->
  <step title="Outgoing response" date="2025-11-24T08:24:28.053" type="response" statusCode="202" statusText="Accepted" /><!-- duration: 11ms -->
</step><!-- duration: 318ms -->
