<step title="Incoming Request" date="2025-11-22T19:20:46.370" instance="7d84ad" url="/api/deployments/latest" method="GET" type="request" pid="768,1,7" Accept="*/*" Host="quotrading-flask-api.scm.azurewebsites.net" User-Agent="AZURECLI/2.79.0 (MSI)" Accept-Encoding="gzip, deflate" Authorization="Bea..." x-ms-client-request-id="4b7aa8f8-c7d8-11f0-b400-50bbb5629ee1" X-ARR-LOG-ID="4b7aa8f8-c7d8-11f0-b400-50bbb5629ee1" CLIENT-IP="69.120.241.138:50195" X-SITE-DEPLOYMENT-ID="quotrading-flask-api" WAS-DEFAULT-HOSTNAME="quotrading-flask-api.scm.azurewebsites.net" X-Forwarded-Proto="https" X-AppService-Proto="https" X-Forwarded-TlsVersion="1.3" X-WAWS-Unencoded-URL="/api/deployments/latest" X-Client-IP="69.120.241.138" X-Client-Port="50195" >
  <step title="Cleanup Xml Logs" date="2025-11-22T19:20:46.371" >
    <step title="Cleanup Infos" date="2025-11-22T19:20:46.387" totalFiles="204" totalCleanup="44" /><!-- duration: 11ms -->
  </step><!-- duration: 56ms -->
  <step title="DeploymentService.GetResult" date="2025-11-22T19:20:46.446" >
    <step title="DeploymentService.GetLatestDeployment" date="2025-11-22T19:20:46.449" >
      <step title="DeploymentManager.GetResults" date="2025-11-22T19:20:46.461" /><!-- duration: 967ms -->
    </step><!-- duration: 999ms -->
  </step><!-- duration: 1011ms -->
  <step title="Outgoing response" date="2025-11-22T19:20:47.467" type="response" statusCode="202" statusText="Accepted" /><!-- duration: 20ms -->
</step><!-- duration: 1137ms -->
