<step title="Incoming Request" date="2025-11-24T08:21:06.867" instance="7d84ad" url="/api/deployments/latest" method="GET" type="request" pid="768,1,28" Accept="*/*" Host="quotrading-flask-api.scm.azurewebsites.net" User-Agent="AZURECLI/2.80.0 (MSI)" Accept-Encoding="gzip, deflate" Authorization="Bea..." x-ms-client-request-id="7c1eb1ce-c90e-11f0-960b-50bbb5629ee1" X-ARR-LOG-ID="7c1eb1ce-c90e-11f0-960b-50bbb5629ee1" CLIENT-IP="69.120.241.138:56251" X-SITE-DEPLOYMENT-ID="quotrading-flask-api" WAS-DEFAULT-HOSTNAME="quotrading-flask-api.scm.azurewebsites.net" X-Forwarded-Proto="https" X-AppService-Proto="https" X-Forwarded-TlsVersion="1.3" X-WAWS-Unencoded-URL="/api/deployments/latest" X-Client-IP="69.120.241.138" X-Client-Port="56251" >
  <step title="Cleanup Xml Logs" date="2025-11-24T08:21:06.874" >
    <step title="Cleanup Infos" date="2025-11-24T08:21:06.895" totalFiles="248" totalCleanup="88" /><!-- duration: 5ms -->
  </step><!-- duration: 33ms -->
  <step title="DeploymentService.GetResult" date="2025-11-24T08:21:06.937" >
    <step title="DeploymentService.GetLatestDeployment" date="2025-11-24T08:21:06.946" >
      <step title="DeploymentManager.GetResults" date="2025-11-24T08:21:06.965" /><!-- duration: 1169ms -->
    </step><!-- duration: 1190ms -->
  </step><!-- duration: 1207ms -->
  <step title="Outgoing response" date="2025-11-24T08:21:08.155" type="response" statusCode="202" statusText="Accepted" /><!-- duration: 9ms -->
</step><!-- duration: 1306ms -->
