﻿<?xml version="1.0" encoding="utf-8"?>
<deployment>
  <id>93042809-997e-4b94-b32a-67a18a7ebfe0</id>
  <author>N/A</author>
  <deployer>OneDeploy</deployer>
  <authorEmail>N/A</authorEmail>
  <message>OneDeploy</message>
  <progress></progress>
  <status>Success</status>
  <statusText></statusText>
  <lastSuccessEndTime>2025-11-30T04:38:03.8524965Z</lastSuccessEndTime>
  <receivedTime>2025-11-30T04:36:55.0297092Z</receivedTime>
  <startTime>2025-11-30T04:36:56.3806048Z</startTime>
  <endTime>2025-11-30T04:38:03.8524965Z</endTime>
  <complete>True</complete>
  <is_temp>False</is_temp>
  <is_readonly>True</is_readonly>
  <buildSummary />
</deployment>