﻿<?xml version="1.0" encoding="utf-8"?>
<deployment>
  <id>c470f612-10e6-4998-9bd9-cb96ef8d57ec</id>
  <author>N/A</author>
  <deployer>OneDeploy</deployer>
  <authorEmail>N/A</authorEmail>
  <message>OneDeploy</message>
  <progress></progress>
  <status>Success</status>
  <statusText></statusText>
  <lastSuccessEndTime>2025-11-30T04:56:21.679138Z</lastSuccessEndTime>
  <receivedTime>2025-11-30T04:55:07.9816799Z</receivedTime>
  <startTime>2025-11-30T04:55:09.3653404Z</startTime>
  <endTime>2025-11-30T04:56:21.679138Z</endTime>
  <complete>True</complete>
  <is_temp>False</is_temp>
  <is_readonly>True</is_readonly>
  <buildSummary />
</deployment>