<step title="BackgroundTrace" date="2025-11-22T08:59:21.017" instance="7d84ad" url="/api/zipdeploy" method="POST" >
  <step title="Creating temporary deployment - FetchDeploymentManager" date="2025-11-22T08:59:21.126" /><!-- duration: 2ms -->
  <step title="Creating temporary deployment" date="2025-11-22T08:59:21.130" /><!-- duration: 56ms -->
  <step title="Performing fetch based deployment" date="2025-11-22T08:59:21.229" >
    <step title="Cleaning up temp folders from previous zip deployments and extracting pushed zip file /tmp/zipdeploy/bab6fe20-eaee-4947-828c-48b0c34578d7.zip (0.01 MB) to /tmp/zipdeploy/extracted" date="2025-11-22T08:59:22.398" >
      <step title="ChmodRecursive Process exited with total time taken in ms: 87" date="2025-11-22T08:59:22.538" /><!-- duration: 2ms -->
    </step><!-- duration: 145ms -->
    <step title="Deployment timer started" date="2025-11-22T08:59:24.549" >
      <step title="DeploymentManager.Deploy(id:81fdf806-745a-49ed-80cb-b95984a33a86)" date="2025-11-22T08:59:24.553" >
        <step title="Collecting changeset information" date="2025-11-22T08:59:24.576" /><!-- duration: 152ms -->
        <step title="Updating submodules" date="2025-11-22T08:59:24.731" /><!-- duration: 1146ms -->
        <step title="Determining deployment builder" date="2025-11-22T08:59:26.086" >
          <step title="Builder is OryxBuilder" date="2025-11-22T08:59:26.107" /><!-- duration: 2ms -->
        </step><!-- duration: 24ms -->
        <step title="PreDeployment: context.CleanOutputPath False" date="2025-11-22T08:59:26.191" >
          <step title="PreDeployment: context.OutputPath /home/site/wwwroot" date="2025-11-22T08:59:26.316" >
            <step title="Building" date="2025-11-22T08:59:26.441" >
              <step title="Executing external process" date="2025-11-22T08:59:27.519" type="process" path="bash" arguments="-c &quot;oryx build /tmp/zipdeploy/extracted -o /home/site/wwwroot --platform python --platform-version 3.11 -p virtualenv_name=antenv --log-file /tmp/build-debug.log  -i /tmp/8de29a57029422a --compress-destination-dir | tee /tmp/oryx-build.log ; exit $PIPESTATUS &quot;" /><!-- duration: 50797ms -->
              <step title="Using PythonDeploymentLogParser" date="2025-11-22T09:00:18.631" /><!-- duration: 8ms -->
              <step title="Triggering recycle (preview mode disabled)." date="2025-11-22T09:00:19.719" /><!-- duration: 5ms -->
              <step title="Modified file to trigger a restart of the app container." date="2025-11-22T09:00:19.753" /><!-- duration: 2ms -->
              <step title="Skip function trigger and logicapp sync because function is not enabled." date="2025-11-22T09:00:19.757" /><!-- duration: 6ms -->
              <step title="Purge deployment items" date="2025-11-22T09:00:20.882" >
                <step title="Remove 9219d731-, Success, received at 11/22/2025 07:07:46" date="2025-11-22T09:00:20.969" /><!-- duration: 2ms -->
              </step><!-- duration: 92ms -->
            </step><!-- duration: 54609ms -->
          </step><!-- duration: 54744ms -->
          <step title="Cleaning up temp files" date="2025-11-22T09:00:21.069" /><!-- duration: 364ms -->
          <step title="Cleaning up temp files" date="2025-11-22T09:00:21.434" /><!-- duration: 510ms -->
          <step title="Reloading status file with latest updates" date="2025-11-22T09:00:21.964" >
            <step title="WebHooksManager.PublishEventAsync: PostDeployment" date="2025-11-22T09:00:21.967" /><!-- duration: 35ms -->
          </step><!-- duration: 40ms -->
          <step title="Cleaning up temporary deployment - fetch deployment was successful" date="2025-11-22T09:00:22.007" /><!-- duration: 2ms -->
        </step><!-- duration: 55903ms -->
      </step><!-- duration: 57549ms -->
