<step title="BackgroundTrace" date="2025-11-22T11:22:11.114" instance="7d84ad" url="/api/publish" method="POST" >
  <step title="Cleanup Xml Logs" date="2025-11-22T11:22:11.284" /><!-- duration: 200ms -->
  <step title="Creating temporary deployment - FetchDeploymentManager" date="2025-11-22T11:22:12.610" /><!-- duration: 19ms -->
  <step title="Creating temporary deployment" date="2025-11-22T11:22:12.789" /><!-- duration: 841ms -->
  <step title="Performing fetch based deployment" date="2025-11-22T11:22:15.868" >
    <step title="Cleaning up temp folders from previous zip deployments and extracting pushed zip file /tmp/zipdeploy/1cde46cd-60ac-4488-9657-05896ae0e93f.zip (0.02 MB) to /tmp/zipdeploy/extracted" date="2025-11-22T11:22:18.033" >
      <step title="ChmodRecursive Process exited with total time taken in ms: 310" date="2025-11-22T11:22:19.150" /><!-- duration: 49ms -->
    </step><!-- duration: 1178ms -->
    <step title="Deployment timer started" date="2025-11-22T11:22:21.326" >
      <step title="DeploymentManager.Deploy(id:732dcc20-4f7e-4f47-b4c6-a866497b1ce6)" date="2025-11-22T11:22:21.963" >
        <step title="Collecting changeset information" date="2025-11-22T11:22:22.370" /><!-- duration: 382ms -->
        <step title="Updating submodules" date="2025-11-22T11:22:22.780" /><!-- duration: 2427ms -->
        <step title="Determining deployment builder" date="2025-11-22T11:22:28.007" >
          <step title="Builder is OryxBuilder" date="2025-11-22T11:22:28.487" /><!-- duration: 80ms -->
        </step><!-- duration: 642ms -->
        <step title="PreDeployment: context.CleanOutputPath False" date="2025-11-22T11:22:29.395" >
          <step title="PreDeployment: context.OutputPath /home/site/wwwroot" date="2025-11-22T11:22:32.813" >
            <step title="Building" date="2025-11-22T11:22:33.283" >
              <step title="Executing external process" date="2025-11-22T11:22:34.430" type="process" path="bash" arguments="-c &quot;oryx build /tmp/zipdeploy/extracted -o /home/site/wwwroot --platform python --platform-version 3.11 -p virtualenv_name=antenv --log-file /tmp/build-debug.log  -i /tmp/8de29b96bc9d514 --compress-destination-dir | tee /tmp/oryx-build.log ; exit $PIPESTATUS &quot;" 