<step title="Incoming Request" date="2025-11-22T07:05:52.893" instance="7d84ad" url="/api/zipdeploy?isAsync=true" method="POST" type="request" pid="770,1,16" Accept="*/*" Host="quotrading-flask-api.scm.azurewebsites.net" User-Agent="AZURECLI/2.79.0 (MSI)" Accept-Encoding="gzip, deflate" Authorization="Bea..." Cache-Control="no-cache" Content-Type="application/octet-stream" Content-Length="8080" x-ms-client-request-id="a7b378b3-c771-11f0-99cf-50bbb5629ee1" x-ms-artifact-checksum="5d38c3dfd7dcc8f325590491f48484ebddc3578757e46b2559fe0cdec2bdfeba" X-ARR-LOG-ID="a7b378b3-c771-11f0-99cf-50bbb5629ee1" CLIENT-IP="69.120.241.138:50147" X-SITE-DEPLOYMENT-ID="quotrading-flask-api" WAS-DEFAULT-HOSTNAME="quotrading-flask-api.scm.azurewebsites.net" X-Forwarded-Proto="https" X-AppService-Proto="https" X-Forwarded-TlsVersion="1.3" X-WAWS-Unencoded-URL="/api/zipdeploy?isAsync=true" X-Client-IP="69.120.241.138" X-Client-Port="50147" >
  <step title="ZipPushDeploy" date="2025-11-22T07:05:54.243" >
    <step title="ZipDeploy. Extract zip. Remote build." date="2025-11-22T07:05:54.263" /><!-- duration: 2ms -->
    <step title="None repository commit" date="2025-11-22T07:05:54.284" >
      <step title="Commit id: 23ab8e37-442d-49f3-93ea-fbf35a717401" date="2025-11-22T07:05:54.294" Message="N/A" AuthorName="N/A" AuthorEmail="N/A" /><!-- duration: 9ms -->
    </step><!-- duration: 21ms -->
    <step title="Starting PushDeployAsync" date="2025-11-22T07:05:54.335" /><!-- duration: 9ms -->
    <step title="Writing artifact to /tmp/zipdeploy/137169ee-03a4-4838-9316-9f2dda5229fb.zip" date="2025-11-22T07:05:54.424" >
      <step title="Writing multipart request body to /tmp/zipdeploy/137169ee-03a4-4838-9316-9f2dda5229fb.zip" date="2025-11-22T07:05:54.435" /><!-- duration: 18ms -->
    </step><!-- duration: 133ms -->
    <step title="Removing previous build artifact&apos;s manifest file" date="2025-11-22T07:05:54.564" >
      <step title="Start deployment in the background" date="2025-11-22T07:05:54.570" >
        <step title="Acquiring Deployment Lock" date="2025-11-22T07:05:54.605" /><!-- duration: 2ms -->
        <step title="Acquired Deployment Lock" date="2025-11-22T07:05:54.647" /><!-- duration: 3ms -->
      </step><!-- duration: 143ms -->
    </step><!-- duration: 154ms -->
    <step title="Outgoing response" date="2025-11-22T07:05:54.736" type="response" statusCode="202" statusText="Accepted" /><!-- duration: 2ms -->
  </step><!-- duration: 497ms -->
