<step title="Incoming Request" date="2025-11-22T08:50:23.032" instance="7d84ad" url="/api/zipdeploy?isAsync=true" method="POST" type="request" pid="770,1,40" Accept="*/*" Host="quotrading-flask-api.scm.azurewebsites.net" User-Agent="AZURECLI/2.79.0 (MSI)" Accept-Encoding="gzip, deflate" Authorization="Bea..." Cache-Control="no-cache" Content-Type="application/octet-stream" Content-Length="11410" x-ms-client-request-id="44dfd3ac-c780-11f0-ada4-50bbb5629ee1" x-ms-artifact-checksum="6dc5d9bd54879ba99be52e4321e0f746180e0ccb1e2d27116e2ee9a9ab1cf222" X-ARR-LOG-ID="44dfd3ac-c780-11f0-ada4-50bbb5629ee1" CLIENT-IP="69.120.241.138:64651" X-SITE-DEPLOYMENT-ID="quotrading-flask-api" WAS-DEFAULT-HOSTNAME="quotrading-flask-api.scm.azurewebsites.net" X-Forwarded-Proto="https" X-AppService-Proto="https" X-Forwarded-TlsVersion="1.3" X-WAWS-Unencoded-URL="/api/zipdeploy?isAsync=true" X-Client-IP="69.120.241.138" X-Client-Port="64651" >
  <step title="Cleanup Xml Logs" date="2025-11-22T08:50:23.059" /><!-- duration: 14ms -->
  <step title="ZipPushDeploy" date="2025-11-22T08:50:23.131" >
    <step title="ZipDeploy. Extract zip. Remote build." date="2025-11-22T08:50:23.151" /><!-- duration: 10ms -->
    <step title="Starting PushDeployAsync" date="2025-11-22T08:50:23.179" /><!-- duration: 2ms -->
    <step title="Writing artifact to /tmp/zipdeploy/3cebc23a-0a04-4e7c-9ec5-0f6dec751a1c.zip" date="2025-11-22T08:50:23.210" >
      <step title="Writing multipart request body to /tmp/zipdeploy/3cebc23a-0a04-4e7c-9ec5-0f6dec751a1c.zip" date="2025-11-22T08:50:23.212" /><!-- duration: 8ms -->
    </step><!-- duration: 41ms -->
    <step title="Removing previous build artifact&apos;s manifest file" date="2025-11-22T08:50:23.254" >
      <step title="Start deployment in the background" date="2025-11-22T08:50:23.261" >
        <step title="Acquiring Deployment Lock" date="2025-11-22T08:50:23.301" /><!-- duration: 2ms -->
        <step title="Acquired Deployment Lock" date="2025-11-22T08:50:23.331" /><!-- duration: 9ms -->
      </step><!-- duration: 269ms -->
    </step><!-- duration: 328ms -->
    <step title="Outgoing response" date="2025-11-22T08:50:23.619" type="response" statusCode="202" statusText="Accepted" /><!-- duration: 10ms -->
  </step><!-- duration: 501ms -->
