<step title="Incoming Request" date="2025-11-22T06:57:36.760" instance="7d84ad" url="/api/zipdeploy?isAsync=true" method="POST" type="request" pid="772,1,26" Accept="*/*" Host="quotrading-flask-api.scm.azurewebsites.net" User-Agent="AZURECLI/2.79.0 (MSI)" Accept-Encoding="gzip, deflate" Authorization="Bea..." Cache-Control="no-cache" Content-Type="application/octet-stream" Content-Length="7619" x-ms-client-request-id="7eb83f17-c770-11f0-aaa4-50bbb5629ee1" x-ms-artifact-checksum="4e7fefc0eecbeb86e41ab832c67301e5a956f9d2114417d91aa6526d0aadebd1" X-ARR-LOG-ID="7eb83f17-c770-11f0-aaa4-50bbb5629ee1" CLIENT-IP="69.120.241.138:52576" X-SITE-DEPLOYMENT-ID="quotrading-flask-api" WAS-DEFAULT-HOSTNAME="quotrading-flask-api.scm.azurewebsites.net" X-Forwarded-Proto="https" X-AppService-Proto="https" X-Forwarded-TlsVersion="1.3" X-WAWS-Unencoded-URL="/api/zipdeploy?isAsync=true" X-Client-IP="69.120.241.138" X-Client-Port="52576" >
  <step title="Cleanup Xml Logs" date="2025-11-22T06:57:36.790" /><!-- duration: 4ms -->
  <step title="ZipPushDeploy" date="2025-11-22T06:57:36.921" >
    <step title="ZipDeploy. Extract zip. Remote build." date="2025-11-22T06:57:36.926" /><!-- duration: 2ms -->
    <step title="Starting PushDeployAsync" date="2025-11-22T06:57:36.932" /><!-- duration: 2ms -->
    <step title="Writing artifact to /tmp/zipdeploy/d8cea98d-81ed-44d8-9210-dd1856779656.zip" date="2025-11-22T06:57:36.942" >
      <step title="Writing multipart request body to /tmp/zipdeploy/d8cea98d-81ed-44d8-9210-dd1856779656.zip" date="2025-11-22T06:57:36.947" /><!-- duration: 10ms -->
    </step><!-- duration: 60ms -->
    <step title="Removing previous build artifact&apos;s manifest file" date="2025-11-22T06:57:37.015" >
      <step title="Start deployment in the background" date="2025-11-22T06:57:37.030" >
        <step title="Acquiring Deployment Lock" date="2025-11-22T06:57:37.048" /><!-- duration: 2ms -->
        <step title="Acquired Deployment Lock" date="2025-11-22T06:57:37.077" /><!-- duration: 2ms -->
      </step><!-- duration: 121ms -->
    </step><!-- duration: 165ms -->
    <step title="Outgoing response" date="2025-11-22T06:57:37.184" type="response" statusCode="202" statusText="Accepted" /><!-- duration: 2ms -->
  </step><!-- duration: 267ms -->
