<step title="Incoming Request" date="2025-11-22T06:32:59.749" instance="7d84ad" url="/api/zipdeploy?isAsync=true" method="POST" type="request" pid="770,1,16" Accept="*/*" Host="quotrading-flask-api.scm.azurewebsites.net" User-Agent="AZURECLI/2.79.0 (MSI)" Accept-Encoding="gzip, deflate" Authorization="Bea..." Cache-Control="no-cache" Content-Type="application/octet-stream" Content-Length="2662" x-ms-client-request-id="10362907-c76d-11f0-9bc9-50bbb5629ee1" x-ms-artifact-checksum="eab3120d7275d59f13b62312e64f4ec165ddc63c236cfdfbaec97e655625b450" X-ARR-LOG-ID="10362907-c76d-11f0-9bc9-50bbb5629ee1" CLIENT-IP="69.120.241.138:61232" X-SITE-DEPLOYMENT-ID="quotrading-flask-api" WAS-DEFAULT-HOSTNAME="quotrading-flask-api.scm.azurewebsites.net" X-Forwarded-Proto="https" X-AppService-Proto="https" X-Forwarded-TlsVersion="1.3" X-WAWS-Unencoded-URL="/api/zipdeploy?isAsync=true" X-Client-IP="69.120.241.138" X-Client-Port="61232" >
  <step title="ZipPushDeploy" date="2025-11-22T06:33:00.272" >
    <step title="ZipDeploy. Extract zip. Remote build." date="2025-11-22T06:33:00.283" /><!-- duration: 2ms -->
    <step title="None repository commit" date="2025-11-22T06:33:00.289" >
      <step title="Commit id: 1e7a2e4f-0152-4890-8361-4a716fb6e437" date="2025-11-22T06:33:00.301" Message="N/A" AuthorName="N/A" AuthorEmail="N/A" /><!-- duration: 2ms -->
    </step><!-- duration: 15ms -->
    <step title="Starting PushDeployAsync" date="2025-11-22T06:33:00.307" /><!-- duration: 2ms -->
    <step title="Writing artifact to /tmp/zipdeploy/8e2dd726-689a-4e28-af24-d7eee2c7ac7e.zip" date="2025-11-22T06:33:00.332" >
      <step title="Writing multipart request body to /tmp/zipdeploy/8e2dd726-689a-4e28-af24-d7eee2c7ac7e.zip" date="2025-11-22T06:33:00.335" /><!-- duration: 4ms -->
    </step><!-- duration: 45ms -->
    <step title="Removing previous build artifact&apos;s manifest file" date="2025-11-22T06:33:00.380" >
      <step title="Start deployment in the background" date="2025-11-22T06:33:00.400" >
        <step title="Acquiring Deployment Lock" date="2025-11-22T06:33:00.428" /><!-- duration: 29ms -->
        <step title="Acquired Deployment Lock" date="2025-11-22T06:33:00.568" /><!-- duration: 2ms -->
      </step><!-- duration: 260ms -->
    </step><!-- duration: 290ms -->
    <step title="Outgoing response" date="2025-11-22T06:33:00.695" type="response" statusCode="202" statusText="Accepted" /><!-- duration: 2ms -->
  </step><!-- duration: 427ms -->
