<step title="BackgroundTrace" date="2025-11-22T08:50:23.263" instance="7d84ad" url="/api/zipdeploy" method="POST" >
  <step title="Creating temporary deployment - FetchDeploymentManager" date="2025-11-22T08:50:23.349" /><!-- duration: 2ms -->
  <step title="Creating temporary deployment" date="2025-11-22T08:50:23.370" /><!-- duration: 150ms -->
  <step title="Performing fetch based deployment" date="2025-11-22T08:50:23.701" >
    <step title="Cleaning up temp folders from previous zip deployments and extracting pushed zip file /tmp/zipdeploy/3cebc23a-0a04-4e7c-9ec5-0f6dec751a1c.zip (0.01 MB) to /tmp/zipdeploy/extracted" date="2025-11-22T08:50:24.884" >
      <step title="ChmodRecursive Process exited with total time taken in ms: 71" date="2025-11-22T08:50:24.996" /><!-- duration: 2ms -->
    </step><!-- duration: 116ms -->
    <step title="Deployment timer started" date="2025-11-22T08:50:27.017" >
      <step title="DeploymentManager.Deploy(id:d02f5b82-be93-46de-9ab0-22d8218f1a05)" date="2025-11-22T08:50:27.021" >
        <step title="Collecting changeset information" date="2025-11-22T08:50:27.058" /><!-- duration: 100ms -->
        <step title="Updating submodules" date="2025-11-22T08:50:27.161" /><!-- duration: 1122ms -->
        <step title="Determining deployment builder" date="2025-11-22T08:50:28.471" >
          <step title="Builder is OryxBuilder" date="2025-11-22T08:50:28.485" /><!-- duration: 2ms -->
        </step><!-- duration: 25ms -->
        <step title="PreDeployment: context.CleanOutputPath False" date="2025-11-22T08:50:28.572" >
          <step title="PreDeployment: context.OutputPath /home/site/wwwroot" date="2025-11-22T08:50:28.960" >
            <step title="Building" date="2025-11-22T08:50:29.095" >
              <step title="Executing external process" date="2025-11-22T08:50:29.511" type="process" path="bash" arguments="-c &quot;oryx build /tmp/zipdeploy/extracted -o /home/site/wwwroot --platform python --platform-version 3.11 -p virtualenv_name=antenv --log-file /tmp/build-debug.log  -i /tmp/8de29a42fb564ba --compress-destination-dir | tee /tmp/oryx-build.log ; exit $PIPESTATUS &quot;" /><!-- duration: 45751ms -->
              <step title="Using PythonDeploymentLogParser" date="2025-11-22T08:51:15.640" /><!-- duration: 16ms -->
              <step title="Triggering recycle (preview mode disabled)." date="2025-11-22T08:51:16.783" /><!-- duration: 4ms -->
              <step title="Modified file to trigger a restart of the app container." date="2025-11-22T08:51:16.826" /><!-- duration: 2ms -->
              <step title="Skip function trigger and logicapp sync because function is not enabled." date="2025-11-22T08:51:16.832" /><!-- duration: 13ms -->
              <step title="Purge deployment items" date="2025-11-22T08:51:17.820" >
                <step title="Remove 23ab8e37-, Success, received at 11/22/2025 07:05:58" date="2025-11-22T08:51:17.886" /><!-- duration: 2ms -->
              </step><!-- duration: 70ms -->
            </step><!-- duration: 48861ms -->
          </step><!-- duration: 49004ms -->
          <step title="Cleaning up temp files" date="2025-11-22T08:51:17.966" /><!-- duration: 292ms -->
          <step title="Cleaning up temp files" date="2025-11-22T08:51:18.261" /><!-- duration: 506ms -->
          <step title="Reloading status file with latest updates" date="2025-11-22T08:51:18.808" >
            <step title="WebHooksManager.PublishEventAsync: PostDeployment" date="2025-11-22T08:51:18.811" /><!-- duration: 43ms -->
          </step><!-- duration: 49ms -->
          <step title="Cleaning up temporary deployment - fetch deployment was successful" date="2025-11-22T08:51:18.871" /><!-- duration: 2ms -->
        </step><!-- duration: 50376ms -->
      </step><!-- duration: 51937ms -->
