<step title="BackgroundTrace" date="2025-11-22T08:40:38.797" instance="7d84ad" url="/api/zipdeploy" method="POST" >
  <step title="Creating temporary deployment - FetchDeploymentManager" date="2025-11-22T08:40:38.849" /><!-- duration: 1ms -->
  <step title="Creating temporary deployment" date="2025-11-22T08:40:38.853" /><!-- duration: 47ms -->
  <step title="Performing fetch based deployment" date="2025-11-22T08:40:38.926" >
    <step title="Cleaning up temp folders from previous zip deployments and extracting pushed zip file /tmp/zipdeploy/92403d17-a440-4d93-9c00-517d800a3642.zip (0.01 MB) to /tmp/zipdeploy/extracted" date="2025-11-22T08:40:40.093" >
      <step title="ChmodRecursive Process exited with total time taken in ms: 31" date="2025-11-22T08:40:40.161" /><!-- duration: 11ms -->
    </step><!-- duration: 96ms -->
    <step title="Deployment timer started" date="2025-11-22T08:40:42.213" >
      <step title="DeploymentManager.Deploy(id:5f29d6c0-346f-423b-88df-5f447bd571c5)" date="2025-11-22T08:40:42.218" >
        <step title="Collecting changeset information" date="2025-11-22T08:40:42.246" /><!-- duration: 95ms -->
        <step title="Updating submodules" date="2025-11-22T08:40:42.344" /><!-- duration: 1138ms -->
        <step title="Determining deployment builder" date="2025-11-22T08:40:43.744" >
          <step title="Builder is OryxBuilder" date="2025-11-22T08:40:43.755" /><!-- duration: 2ms -->
        </step><!-- duration: 19ms -->
        <step title="PreDeployment: context.CleanOutputPath False" date="2025-11-22T08:40:43.815" >
          <step title="PreDeployment: context.OutputPath /home/site/wwwroot" date="2025-11-22T08:40:43.937" >
            <step title="Building" date="2025-11-22T08:40:44.071" >
              <step title="Executing external process" date="2025-11-22T08:40:44.605" type="process" path="bash" arguments="-c &quot;oryx build /tmp/zipdeploy/extracted -o /home/site/wwwroot --platform python --platform-version 3.11 -p virtualenv_name=antenv --log-file /tmp/build-debug.log  -i /tmp/8de29a2d32faa12 --compress-destination-dir | tee /tmp/oryx-build.log ; exit $PIPESTATUS &quot;" /><!-- duration: 43762ms -->
              <step title="Using PythonDeploymentLogParser" date="2025-11-22T08:41:28.772" /><!-- duration: 10ms -->
              <step title="Triggering recycle (preview mode disabled)." date="2025-11-22T08:41:29.842" /><!-- duration: 6ms -->
              <step title="Modified file to trigger a restart of the app container." date="2025-11-22T08:41:29.880" /><!-- duration: 2ms -->
              <step title="Skip function trigger and logicapp sync because function is not enabled." date="2025-11-22T08:41:29.884" /><!-- duration: 7ms -->
              <step title="Purge deployment items" date="2025-11-22T08:41:30.954" >
                <step title="Remove 03a2aa3a-, Success, received at 11/22/2025 06:57:40" date="2025-11-22T08:41:31.007" /><!-- duration: 2ms -->
              </step><!-- duration: 60ms -->
            </step><!-- duration: 47019ms -->
          </step><!-- duration: 47158ms -->
          <step title="Cleaning up temp files" date="2025-11-22T08:41:31.096" /><!-- duration: 426ms -->
          <step title="Cleaning up temp files" date="2025-11-22T08:41:31.524" /><!-- duration: 503ms -->
          <step title="Reloading status file with latest updates" date="2025-11-22T08:41:32.050" >
            <step title="WebHooksManager.PublishEventAsync: PostDeployment" date="2025-11-22T08:41:32.052" /><!-- duration: 31ms -->
          </step><!-- duration: 35ms -->
          <step title="Cleaning up temporary deployment - fetch deployment was successful" date="2025-11-22T08:41:32.087" /><!-- duration: 2ms -->
        </step><!-- duration: 48330ms -->
      </step><!-- duration: 49935ms -->
