﻿<?xml version="1.0" encoding="utf-8"?>
<deployment>
  <id>2d5983f1-41da-4a5e-b22b-6be52b31bfb8</id>
  <author>N/A</author>
  <deployer>Push-Deployer</deployer>
  <authorEmail>N/A</authorEmail>
  <message>Created via a push deployment</message>
  <progress></progress>
  <status>Success</status>
  <statusText></statusText>
  <lastSuccessEndTime>2025-11-30T09:10:17.3079849Z</lastSuccessEndTime>
  <receivedTime>2025-11-30T09:09:12.5095035Z</receivedTime>
  <startTime>2025-11-30T09:09:13.8512397Z</startTime>
  <endTime>2025-11-30T09:10:17.3079849Z</endTime>
  <complete>True</complete>
  <is_temp>False</is_temp>
  <is_readonly>True</is_readonly>
  <buildSummary />
</deployment>