﻿<?xml version="1.0" encoding="utf-8"?>
<deployment>
  <id>8ea919e1-19b3-4c07-8eeb-92a711d406d2</id>
  <author>N/A</author>
  <deployer>Push-Deployer</deployer>
  <authorEmail>N/A</authorEmail>
  <message>Created via a push deployment</message>
  <progress></progress>
  <status>Success</status>
  <statusText></statusText>
  <lastSuccessEndTime>2025-11-30T06:48:03.6369406Z</lastSuccessEndTime>
  <receivedTime>2025-11-30T06:46:51.9552773Z</receivedTime>
  <startTime>2025-11-30T06:46:53.5760193Z</startTime>
  <endTime>2025-11-30T06:48:03.6369406Z</endTime>
  <complete>True</complete>
  <is_temp>False</is_temp>
  <is_readonly>True</is_readonly>
  <buildSummary />
</deployment>