﻿<?xml version="1.0" encoding="utf-8"?>
<deployment>
  <id>f223ed4e-c895-42bd-bf3a-3c742afbaa0d</id>
  <author>N/A</author>
  <deployer>Push-Deployer</deployer>
  <authorEmail>N/A</authorEmail>
  <message>Created via a push deployment</message>
  <progress></progress>
  <status>Success</status>
  <statusText></statusText>
  <lastSuccessEndTime>2025-12-01T01:03:51.1744879Z</lastSuccessEndTime>
  <receivedTime>2025-12-01T01:02:49.6531537Z</receivedTime>
  <startTime>2025-12-01T01:02:51.0354102Z</startTime>
  <endTime>2025-12-01T01:03:51.1744879Z</endTime>
  <complete>True</complete>
  <is_temp>False</is_temp>
  <is_readonly>True</is_readonly>
  <buildSummary />
</deployment>