﻿<?xml version="1.0" encoding="utf-8"?>
<deployment>
  <id>cc34157e-863c-4707-ba25-3201088e1e6f</id>
  <author>N/A</author>
  <deployer>Push-Deployer</deployer>
  <authorEmail>N/A</authorEmail>
  <message>Created via a push deployment</message>
  <progress></progress>
  <status>Success</status>
  <statusText></statusText>
  <lastSuccessEndTime>2025-12-01T03:58:42.826513Z</lastSuccessEndTime>
  <receivedTime>2025-12-01T03:57:48.4366037Z</receivedTime>
  <startTime>2025-12-01T03:57:49.7659402Z</startTime>
  <endTime>2025-12-01T03:58:42.826513Z</endTime>
  <complete>True</complete>
  <is_temp>False</is_temp>
  <is_readonly>True</is_readonly>
  <buildSummary />
</deployment>