﻿<?xml version="1.0" encoding="utf-8"?>
<deployment>
  <id>6adb7fc8-d72e-4c4c-b818-a94d332123ab</id>
  <author>N/A</author>
  <deployer>Push-Deployer</deployer>
  <authorEmail>N/A</authorEmail>
  <message>Created via a push deployment</message>
  <progress></progress>
  <status>Success</status>
  <statusText></statusText>
  <lastSuccessEndTime>2025-11-22T08:34:34.3878003Z</lastSuccessEndTime>
  <receivedTime>2025-11-22T08:33:40.4087298Z</receivedTime>
  <startTime>2025-11-22T08:33:41.7900329Z</startTime>
  <endTime>2025-11-22T08:34:34.3878003Z</endTime>
  <complete>True</complete>
  <is_temp>False</is_temp>
  <is_readonly>True</is_readonly>
  <buildSummary />
</deployment>