﻿<?xml version="1.0" encoding="utf-8"?>
<deployment>
  <id>5f29d6c0-346f-423b-88df-5f447bd571c5</id>
  <author>N/A</author>
  <deployer>Push-Deployer</deployer>
  <authorEmail>N/A</authorEmail>
  <message>Created via a push deployment</message>
  <progress></progress>
  <status>Success</status>
  <statusText></statusText>
  <lastSuccessEndTime>2025-11-22T08:41:30.2511158Z</lastSuccessEndTime>
  <receivedTime>2025-11-22T08:40:42.2750041Z</receivedTime>
  <startTime>2025-11-22T08:40:43.6798286Z</startTime>
  <endTime>2025-11-22T08:41:30.2511158Z</endTime>
  <complete>True</complete>
  <is_temp>False</is_temp>
  <is_readonly>True</is_readonly>
  <buildSummary />
</deployment>