﻿<?xml version="1.0" encoding="utf-8"?>
<deployment>
  <id>dabcc46a-2ce1-43a3-a3b4-3dd3ff8baf19</id>
  <author>N/A</author>
  <deployer>Push-Deployer</deployer>
  <authorEmail>N/A</authorEmail>
  <message>Created via a push deployment</message>
  <progress></progress>
  <status>Success</status>
  <statusText></statusText>
  <lastSuccessEndTime>2025-12-01T04:07:03.8875094Z</lastSuccessEndTime>
  <receivedTime>2025-12-01T04:06:12.3944301Z</receivedTime>
  <startTime>2025-12-01T04:06:13.7138379Z</startTime>
  <endTime>2025-12-01T04:07:03.8875094Z</endTime>
  <complete>True</complete>
  <is_temp>False</is_temp>
  <is_readonly>True</is_readonly>
  <buildSummary />
</deployment>