﻿<?xml version="1.0" encoding="utf-8"?>
<deployment>
  <id>60807c6d-4633-41b4-9764-159c274f27aa</id>
  <author>N/A</author>
  <deployer>OneDeploy</deployer>
  <authorEmail>N/A</authorEmail>
  <message>OneDeploy</message>
  <progress></progress>
  <status>Success</status>
  <statusText></statusText>
  <lastSuccessEndTime>2025-11-22T11:26:08.5765568Z</lastSuccessEndTime>
  <receivedTime>2025-11-22T11:24:59.823358Z</receivedTime>
  <startTime>2025-11-22T11:25:01.1386463Z</startTime>
  <endTime>2025-11-22T11:26:08.5765568Z</endTime>
  <complete>True</complete>
  <is_temp>False</is_temp>
  <is_readonly>True</is_readonly>
  <buildSummary />
</deployment>