﻿<?xml version="1.0" encoding="utf-8"?>
<deployment>
  <id>d02f5b82-be93-46de-9ab0-22d8218f1a05</id>
  <author>N/A</author>
  <deployer>Push-Deployer</deployer>
  <authorEmail>N/A</authorEmail>
  <message>Created via a push deployment</message>
  <progress></progress>
  <status>Success</status>
  <statusText></statusText>
  <lastSuccessEndTime>2025-11-22T08:51:17.1963917Z</lastSuccessEndTime>
  <receivedTime>2025-11-22T08:50:27.1042021Z</receivedTime>
  <startTime>2025-11-22T08:50:28.4156824Z</startTime>
  <endTime>2025-11-22T08:51:17.1963917Z</endTime>
  <complete>True</complete>
  <is_temp>False</is_temp>
  <is_readonly>True</is_readonly>
  <buildSummary />
</deployment>