﻿<?xml version="1.0" encoding="utf-8"?>
<deployment>
  <id>e08a2225-eb61-428c-95f0-b3e00765dfb1</id>
  <author>N/A</author>
  <deployer>Push-Deployer</deployer>
  <authorEmail>N/A</authorEmail>
  <message>Created via a push deployment</message>
  <progress></progress>
  <status>Success</status>
  <statusText></statusText>
  <lastSuccessEndTime>2025-11-30T05:38:30.0474401Z</lastSuccessEndTime>
  <receivedTime>2025-11-30T05:37:28.4240195Z</receivedTime>
  <startTime>2025-11-30T05:37:29.8805361Z</startTime>
  <endTime>2025-11-30T05:38:30.0474401Z</endTime>
  <complete>True</complete>
  <is_temp>False</is_temp>
  <is_readonly>True</is_readonly>
  <buildSummary />
</deployment>